id_f,cons_text
1,"* 재개발 임대 아파트 거주중.
* 임대료 7개월 1,381,980원 체납
* 일자리를 구하는 중으로 수입이 없어 경제적으로 어려운 상황으로 인함.
* 작년 20.10.30 체납 상담했던 대상자로 현재 실업급여로 180만원이 나오고 있는데, 수급자 신청해 보려 했으나, 실업급여와 중복으로 받을 수 없다고 안내를 받았다 함. 
* 임대료 체납 기간이 길어질수록 나중에 퇴거 명령을 받으실 수도 있다고 안내드렸더니, 이번에 빌려서 어떻게든 해결해 보려 한다고 하심.  
* 일자리를 구하신다고 하셔서 임대주택 입주자 분들께 일자리 상담 연계해 드리고 있는데, 필요하신지 여쭤보았더니, 자신이 직접 알아보시겠다고 하심."
2,"* 청년임차보증금 이자지원사업 추천서 관련 문의전화 주심(20대 추정)
* 건강보험자격득실확인서 지역가입자이며 대학생으로 소득 없음. 국세청홈택스 소득금액증명원 조회결과 2019년 아르바이트 소득 조회됨. 취업준비생 유형으로 신청 가능한지 궁금
· 취업준비생 유형으로 신청 가능
* 서울주거포털에서 추천서 신청시 거주지 주소에 현주소 기입하는 것인지 궁금
· 서울주거포털 추천서 신청시 현주소 기입
* 서울시추천서 신청과 이사 할 전월세주택 물색 중에서 어느것을 먼저 해야하는지 궁금
· 서울시추천서 유효기간 발급일로부터 3개월임을 안내"
3,"*시공업체 물색
- 당사자께서 다른 시공업체 물색 후 회신주시기로 함"
4,"-본인+배우자, 총2인가구
-기초생활 수급자
-청약 납입 중
-4600/10만원에 거주 중 
-공공임대주택 신청 중구지역만 희망
-추후 문의 예정"
5,"- 주거급여 확인 안내차 전화드렸으나 바빠서 확인을 못하셨다고 말씀
- 추후 임대주택 관련 상담 희망할 경우 주거복지센터 전화 안내"
6,"* sh 영구임대아파트 안내차 연락드림 
- sh 영구임대아파트 공고가 나와 안내전화드렸음 
- 현재 sh 전세임대주택에 거주중이신데 이주를 희망하시고, 주택물색이 어렵다고하셔서 영구임대 신청해보시는건 어떠신지 여쭤봄 
- 영구임대아파트는 외곽에 있어서 시장에 갈때도 차를 타야하고 편의시설이용에 불편함이 있어 신청하는데 고민이 된다고하심 
- 위치, 평수, 보증금은 어느정도되는지 문의하셔서 노원, 강서, 서초, 강남, 강북 등에 위치해있고 평수는 7평~10평 내외 보증금은 150~300만원 정도임을 안내드림(공고문상) 
- 평수가 좁다고하여 영구임대는 오래전에 건축된 건물이 많아 현재 지어지는 주택과는 평수차이가 좀 있음을 안내함 
- 영구임대아파트는 신청하지 않겠다고하시며, 현재 거주지에서 생활하다가 옆 빌라가 나오면 전세임대로 입주하겠다고함 
- 10/25부터 거주지 주민센터(숭인동)에서 신청이 가능하니 고민해보시고 신청의사가 있으시면 방문하여 신청해보시라고 안내함 


* 센터조치 
- 영구임대아파트 신청 안내 
"
7,"안녕하세요. 은평주거복지센터입니다.
2022년 1차 장기미임대 매입임대주택(SH) 입주자모집 공고 안내드립니다.

ㅇ 주택 열람 기간 : 2022.02.21.(월) ~ 02.24.(목)
ㅇ 신청 접수 기간 : 2022.02.21.(월) ~ 02.24.(목)
ㅇ 신청 접수 방법 : 등기우편, 인터넷, 모바일
ㅇ 문의사항: SH공사 1600-3456 , 은평주거복지센터 02-388-2979 (점심시간 12:00~13:00)"
8,"※주민센터에서 주거급여 신청후 본센터를 안내받고 전화주심.
*현거구지:고시원 1개월 거주중.
*청약저축:없음.
*근로소득:없음. 폐가 안좋아 근로활동 못함.
*가족구성:1인가구
*상담내용:주민센터에 주거급여 등을 신청한후, 본센터를 알게되어 전화문의 주심.
                주거.생계.의료급여 신청중. 확정되면 본센터에 알려주시로함.
                이전에는 무상거주 하였으며, 현재는 고시원에 거주중.
                본인과 같이 근로소득도 없고, 무주택 60년 된 사람에게는 영구아파트 나오는것 없는지 말씀하심.
                신청자격에 해당된다면 ""비주택지원사업""에 안내하려 하였으나, 고시원 거주 기간이 미달.
                SH공고문자알리미 신청/전세임대.영구임대.공공임대.국민임대.재개발임대/서울전지역
                LH콜센터 전화번호도 안내드림., ※주민센터에서 주거급여 신청후 본센터를 안내받고 전화주심.
*현거구지:고시원 1개월 거주중.
*청약저축:없음.
*근로소득:없음. 폐가 안좋아 근로활동 못함.
*가족구성:1인가구
*상담내용:주민센터에 주거급여 등을 신청한후, 본센터를 알게되어 전화문의 주심.
                주거.생계.의료급여 신청중. 확정되면 본센터에 알려주시로함.
                이전에는 무상거주 하였으며, 현재는 고시원에 거주중.
                본인과 같이 근로소득도 없고, 무주택 60년 된 사람에게는 영구아파트 나오는것 없는지 말씀하심.
                신청자격에 해당된다면 ""비주택지원사업""에 안내하려 하였으나, 고시원 거주 기간이 미달.
                SH공고문자알리미 신청/전세임대.영구임대.공공임대.국민임대.재개발임대/서울전지역
                LH콜센터 전화번호도 안내드림."
9,"10:25 발신

어제부터 몇차례 전화 하였으나 연결되지 않음
전화기가 꺼져 있다고 함"
10,"전세임대 신청 결과 확인차 연락함.  미선정.
백김치 후원 연계 방문 약속잡음."
11,"- 현금 만원 빌려달라며 당첨 만료되어 다시 신청할 예정이라고 함
- 옛날에 본인부담금 5%인 전세임대에서 살았었는데 돈이 필요하여 나왔다고 함
- 만원 빌려 줌"
12,"<추가확인내용>
- 아동주거빈곤가구 주거안정지원사업 관련 연락했으나 부재중으로 문자 남김"
13,"*국민임대 신청

1.국민임대 마곡지구 신청함, *임대주택 상담

1.마곡지구 59형은 2인가족 선정가능성이 없다고 말씀
2.월세계약서 써서 주민센터에 방문하셔서 비주택 신청하는것이 가장 빠른 방법이라고 말씀드림"
14,"* 주거사다리 지원사업 입주대상자로 어제 늦게 우편물 수령했다고 함.

- 오전에 LH고객센터로 여러 차례 통화를 시도했지만 연결이 안된다고 함.
- 이후 진행절차를 물어보셨음. 집 인근 잘 다니는 공인중개사사무소를 방문하여 보증금 9,000만원에 월세 최대 11만원 정도의 주택을 구한다고 얘기하면 부동산에서 여러가지 물건 중에 추천하시는 것을 보고 마음에 들면 계약하시면 된다고 말씀을 드렸음.
- 본인부담 보증금 300만원에 월세 25만원으로 구하면 전세전환보증금으로 환산하면 7,800만원 정도 되는 주택인 것이고, 주거사다리 지원사업으로 집을 구하시면, 보증금 9,000만원에 월세 11만원은 123,000,000원 주택으로 옮기시는 것으로 조금 더 넓고 지상층으로도 가능하다고 안내함.
- 부동산에 집을 알바보고 계약시 LH담당 법무사와 집주인, 부동산 그리고 당사자 이렇게 4명이서 계약을 하게 되고, 대략 1개월 후 잔금을 치르고 입주한다고 안내해 드렸음. 집을 구하는데 어려움 있으시면 연락을 달라고 하였으며 상담을 마쳤음."
15,"임대주택 종류 전반에 대해 궁금하여서 내방하신 줄 알았음.
설명에 귀를 잘 안기울이시고, 말투와 표정이 사나워 어느 기관에서든 상담을 꺼릴만한 분. 말씀 내내 불만과 주변 험담으로 일관.
보유한 보증금이 200만원이라 영구임대 외에는 어려움.
위치도 월계동은 거부하며 당고개 인근만 선호.

매입임대/재개발임대 등은 대출을 감안하고 신청해야 하나 그러할 의지는 적음. 내년 봄 영구임대 안내를 끝으로 상담종결이 나아보임.
자체 주민교육 때 ""왜 사람들을 죄다 불러다 놓았냐""며 얘기하여, 문자 보내지 말아야 할 사람. 보증금 직접지원도 해서는 안 될 사람으로 판단함."
16,주거 상담 받았는지 물어봄
17,"중곡3동주민센터 접수 - 5/9 방문상담
맞춤형주거돌봄서비스 신청자(1인가구주택관리서비스)

○ 가구상황 : 1인가구
○ 주거상황 : 방 2개, 화장실 1개, sh전세임대 4,000, 5년 째 거주중 
○ 경제상황 : 기초생활수급자
○ 건강상태 : 작년 7월부터 주 3회 투석받으시는 중(군자 제일병원), 우울증약, 위장약 등 10알 이상 복용하심, 2015년도 허리수술 
○ 욕구 : 주방 도배, 장판
○ 대응조치 : 주방 도배, 장판, 안전바 설치

- 연세가 많으시고 약해보이시나 귀도 밝으시고 의사소통에 문제 없음
- 생활지원사 선생님 방문x ---> 우울증과 사람들과의 만남이 꺼려지셔서 방문 거절하셨다고 함
- 복지관에서 주 2회 반찬 제공 받는 중이심
- 자녀분은 현재 근로 안하고 계심
- 장기요양 3급
- 가스레인지 고장, 점화 안되서 토치 사용하심"
18,"전세임대 거주자로 3개월 이상 연체세대 주거위기가구 상담 진행
- 2022/10/11 유선상담진행
과거 주거위기가구 상담진행시 수급탈락으로 인해 생활비가 갑자기 부족해서 체납이 되었다고 하심.
동주민센터를 통해서 수급을 다시 받을 수 있는지 확인을 하였지만 자녀의 소득으로 인해 소명자료를 제출하라고 하여서 포기하였다고 함
이번달에 체납금을 납부할 예정이라고 하며 혹시 다음달에도 체납이 발생할 경우 재상담을 진행할 예정"
19,"> 임대차 계약서 보내 주셔야 함
- 초록우산서류 넣었던 곳으로 계약서 보내겠음
- 주거복지재단에 이사비와 생필품 서류 직접 보냄
- 구입할 물건과 거래장소는 11.22.(월) 다시 알려줄 예정"
20,"* 7월분 관리비 1,470원 드림빌주택 주차수익금으로 납부함."
21,"- 해피친구들에서 매주 월요일 오후 2시부터 4시까지 건강교실 통증탈출은 참석해보았는지 물어보고, 13일 목요일에는 참소중한에서 속풀이, 15일 토요일에는 건강상담이 오후 3시부터 5시까지 있으며, 참석하는 것도 좋을 것 같다고 안내하고,
  점심나눔으로 도시락을 나누어 드림"
22,"8/23 통화

- 오늘 내방 상담 하기로 하여서 전화드렸는데 쇄골뼈가 골절되어서 수술 들어간다고 오늘 내방하기 힘드시다고 함
- 고시원확인증등 서류는 이미 다 준비하셨다고 하심
- 몸 좀 괜찮아지시면 연락달라하고 통화 종료

- 한 달 정도 후 (9월경)에 다시 연락해봐야 할 것 같음"
23,"[재개발임대 신청접수여부 확인차 전화드림]
- 성북구 롯데캐슬 신청을 희망하고 있으나 코로나로 방문접수 불가함
- 아드님과 함께 상의하여  인터넷으로 신청하실 것을 안내드림(아드님도 인터넷사용이 서툴르다고 말씀하시어 아드님 친구나 후배도움을 받아 신청하실 것을 말씀드림)
- 아드님이 대리접수나 인터넷신청지원요청을 받으려면 인감증명, 위임장, 위임자,수임자신분증, 도장을 지참하시면 가능함을 설명드림"
24,주거취약계층주거지원사업 추천자명단(차상위)
25,"* 후원물품 배분
1. (사)주거복지연대에서 후원받은 김치나눔을 위해 내방하여 김치 10kg 수령해감."
26,"[저소득층에너지효율개선사업]
한국에너지재단에서 2021-06-15 방문하여
창호, 보일러,에너지진단,가구이동을 1,202,590원에 시공완료함."
27,"<1인가구 주택관리서비스 안내 차 연락드림>

-시공업체 연락체 제공불가
-시공업체측에서 전화드리고 부재중일 경우 따로 문자 드린다고 안내.
-수리가 지연되고 있어서 2주 이상 소요될 수 있는 점 안내. 
, *시공동의서 팩스로 보내주심 

>> 접수일로부터 2주정도 소요되고 시공업체측에서 직접 연락 드릴 것.
>> 본인이 수업중이라 전화 못 받을 수 있다고 하셔서 시공업체측 연락처 알려달라고 요청하심. 

"
28,민간주택 300만원에 25만원 거주중임. 1인가구로 다리 부상. 옥탑에서 거주중으로 다리가 아파 이사를 원하심. LH전세임대 안내를 받고싶다고 하셔서 설명을 드림. 이자 및 다른것들을 따져보니 크게 와닿는게 없다고 하시면서 고민좀 해보겠다고 하심.
29,"-통화(중곡보건지소 복원주 주임)
: 가구방문 동행하여 주거욕구 및 주거환경 파악하기로 함.
20(화) 오후 2시 가구방문 예정"
30,"1인독거어르신 수급가구로 주거위기 대상자로 주민센터를 통해 내방
- 주거: 기존에 살던집을 재건축하면서 갈곳이 없어 고시원에 거주중 현재 주민센터를 통해서 LH전세임대를 신청하였다고 함
- 가족: 1인가구
- 건강: 보행기를 사용하여 이동. 연세가 있어 거동이 불편
- 경제: 수급비로 생활중이나 기존에 살던집관련 법적분쟁으로 모아두었던 돈을 소진하였다고 함.
- 욕구: 짐이 많이 있어서 현재는 고시원에 방을 2개빌려 1개 방은 창고로 사용하여 주거비가 감당이 안되는 상황 신청한 전세임대가 당첨이 돼서 주거안정이 필요한 상황
- 센터조치: 서초구내에는 지원가능한 긴급주택이 없고 서초주거복지센터에서 지원가능한 자원이 없는 상황. 주민센터의 긴급복지 등을 통해서 지원이 되는 방법밖에 없다고 판단되며 타 복지자원이 있다면 적극연계를 해야 할 대상으로 보임.
우선 이미 신청한(7월) 전세임대 당첨여부를 지켜봐야할 듯."
31,"<상담내용>
- 대상자 배우자가 연락
- 이사를 고시원으로 할지 반지하로 할지 고민 중이라고 하며 어디가 임대주택 신청할 때 더 유리한지 문의
- 어떤 곳이 유리한지 말씀드리기가 어렵다고 하고 전에 전입신고만 안 되어있고 이미 고시원에 거주한다고 하셔서 비주택 사업 관련 안내를 드렸다고 설명함 
- 만약 반지하나 고시원으로 이사를 하게 되면 주민센터에 가서 상담(대상자가 적극적이지 않아 가기를 꺼려함)을 한번 받아보길 권유함 
"
32,"2차 상담
-2020년 문자 재등록 건으로 연락드림.
-문자 서비스 원하지 않음."
33,"- 재개발 임대주택 2순위 모집 공고에 대해 안내하고자 유선 상담
- 1순위 신청 기간에 중구 남산타워로 신청하셨다고 함"
34,"17:00 문자발송

공공주거환경임대 모집안내(아파트)

●신청자격
▲40㎡이하/40㎡초과~60㎡이하
1순위: 소득 70%이하, 청약 24회 이상
2순위: 소득 70%이하, 청약 6회 이상
3순위: 소득 70%이하
▲60㎡초과
1순위: 소득 120%이하, 청약 24회 이상
2순위: 소득 120%이하, 청약 6회 이상
3순위: 소득 120%이하

●청약일정
신청: 1순위 01/04 ~ 01/06
서류심사대상자 발표: 02/17
서류제출: 02/23 ~ 02/25
당첨자 발표: 06/24

-금천주거복지센터-"
35,"* 공구대여 신청
1. 충전드릴 (HP1630K) - 1개, 기리세트 1개
2. 공구대여 기간(2020.12.10. ~ 2020.12.13.)"
36,"- 화장실 문이라 나무 대신 안 썩는 재질의 문으로 요청. 
- 얼마 전에 집 주인이 부엌 수전도 교체해줬음. 전혀 수리 안 해준다는 건, 누나의 과장. 
- 위층에 살고 있는 집 주인이 내려와 문짝을 갈아야 할 수도 있다는 설명을 함께 들었음. 
- 누나가 얼마 전에 자기 집 문을 갈았는데, 문이 8만원, 공임비가 25만원이더라며 자기 집은 남편이 갈았다고 말함. 
- 조사해서 수리업체로 넘기고, 수리업체가 와서 직접 봐야 문만 갈 수 있는지, 문짝까지 갈아야 할 지 결과가 나온다고 설명. 
- 작은 방 상태는, 가구로 가려져있던 부분을 피해 도배와 장판을 해서 시멘트 바닥과 예전 벽지가 드러나있음. 
- 문 교체 비용이 많이 들고, 도배와 장판도 비용이 많이 드는 일이라 50만원 한도 내에서 둘 다 하기는 어렵다고 안내. 
- 당사자가 언어장애가 심한 것도 아닌데, 누나의 간섭이 심함. 자기 있을 때 오라고 강조. 
- 집은, 활동지원사가 와서 잘 정돈되어 있음."
37,"-반지하 곰팡이 거주 세대
-비주택 24개월 거주 
-대장암으로 치료 중
-주거취약계층 주거상향지원사업 전세임대주택 신청 
-주민센터 방문하여 신청 예정
-필요서류 안내, 대상자 선정 시 센터 연락 예정
"
38,"- 내방상담
- 공과금 고지서 지참하여 본 센터 내방
- 전기, 가스, 수도, 관리비 관련하여 공사문의 후 공과금 청구내역 확인 및 안내
- 추후 문의사항 있을 시 연락하기로 함"
39,"-안부 확인차 전화드림
-건강도 좋고 특별한 문제 없다고 하심
-궁금한 사항 있으면 전화 하시라고 하고 전화 종료함"
40,코로나19 긴급물품 전달하기 위해 방문드림.  일이 없어서 요즘은 거의 일을 못하신다고 하시며 물품에 대한 감사함을 표하셨음.
41,"현재 전세임대에 거주하며 5번 재계약을 하여 10년째 거주중인 상황
300/자비11만원(주거급여 15만원)에 거주중

월소득은 150만원이지만 자녀의 수술비로 인해 힘들게 살고 있는 상황
장애 자격이 있는 자녀로 신청할수 있는 집을 알아보려고 오셨으나
현재 남아있는 자산이 없어서 신청하실수 있는 집에는 한계가 있으셨음

임대주택 상담, 세대분리등을 안내 해드리고
매임/재개발 알리미 신청해드림"
42,"- 13:03 문자 발송

SH 사회적주택 입주자 모집 공고
주택위치: 금천구 시흥대로57길 5
서류접수: 7/15~8/4
인터뷰일자: 개별연락
결과발표: 8/26~9/16
계약체결: 8/27~9/23

◆자격요건
금천구거주, 무주택세대원
①월평균소득50%이하
②월평균소득100%이하 장애인
③생계의료수급자
④한부모가족
⑤주거지원시급가구
⑥저소득고령자

◆신청방법
온라인신청 또는 현장 및 우편접수
-금천주거복지센터-"
43,SH공사 장기미임대 매입임대 안내 받고자 내방 예정
44,"[문자발송]
 
2020년 영구임대 예비입주자 모집공고

신청기간: 8/24(월)~8/28(금)
입주대상자 발표: 12/17(목) 17:00 이후
신청장소: 관할 동주민센터

1순위 신청자격: ①생계 또는 의료수급자 ②국가유공자 ③법정한부모가족 ④장애인 ⑤만65세이상 고령자 중 수급권자 또는 차상위계층 등

금천구 240호수 모집 예정이나, 코로나바이러스로 인하여 연기될 가능성이 있으니 이 점 참고 바랍니다."
45,"17:00 문자발송

SH 기존주택 매입임대 장기미임대 입주자 수시모집

■세대원수별 신청가능 유형
다가구 가형(50㎡이하): 모든 가구
다가구 나형(50㎡~ 85㎡이하): 3인이상
원룸(50㎡미만): 1~2인 가구

■진행일정
주택공개: 1/25(화)~1/27(목)
* 공동현관 비밀번호 SH구로금천센터(02-6340-9000) 문의
청약(인터넷 및 등기우편): 2/7(월)~2/9(수)
서류심사대상자 발표: 2/18(금)
최종 입주자 발표: 3/11(금)
입주기간: 3/24(목)~5/23(월)

-금천주거복지센터-"
46,"[1인가구 주택관리서비스}
-방학 2동 주민센터의뢰
-거실방충망 시공요청
-기초생활수급자
-서류 전부 제출완료, [1인가구 주택관리서비스]
-사전방문 진행안내
-거실방충망 시공요청 촬영 및 상담진행
-시공의뢰서 작성., [1인가구 주택관리서비스 홈닥터 통화]
-대상자님 댁에 방문진행하셨다함
-거실방충망 외 주방과 이어진 방화문이 산쪽과 연결되어있고 거기서 벌레가 많이 들어와 롤방충망 시공이 추가로 필요한상태로 보임
-부가세포함 35,2000원 예상된다하심
-실장님께 해당 내용 전달드리고 시공해도 좋다는 답변받음
-시공진행하셔도 됨 안내함."
47,주거안정지원 상담을 위해 여러번 연락 드렸으나 연락불가
48,"- 17:39 문자 수신

정 : 관리비 이체했습니다 (LH 관리비 165,050원 이체내역 사진 첨부)"
49,"- 주거복지재단 공모사업 반찬지원 8회차 완료함.
- 다른때보다 훨씬 밝은 모습으로 맞아주심.
- 후원물품으로 들어온 배도 함께 드리니 맛있게 잘 먹겠다고 감사함을 표하심.
- 추운 날씨 건강 조심하시라고 말씀 드리며 방문 종료함."
50,"- 13:00 문자 발송

SH 1차 장기미임대 매입임대주택 입주자모집 공고 안내

■1순위 자격요건
서울시 거주 중인 무주택세대구성원으로서 전년도 월평균소득 100% 이하인 자

■공급대상주택(금천구)
다가구가형(1~2인가구): 8호
다가구나형(3인이상가구): 23호
최장 거주 6년 가능

■모집일정
주택공개: 2/21(월)~2/24(목) 10:00~17:00(12:00~13:00 제외)
온라인 또는 등기우편 접수: 2/21(월)~2/24(목)
서류제출대상자 발표: 3/11(금)
입주자 발표: 5/13(금)"
51,"거주하고 계신 집에서 여성분이 대신 전화 주심

지난 번에 임대주택 신처을 했는데 어떻게 되었는지 언제 알 수 있는지 물으심

무슨 임대주택 신청인지 알아야 확인 도움 드릴 수 있다고 말하면서

이곳에 상담 받으신적 있는지 물으니까

상담 받으신적 있다고 해서 상담내역 찾아보니

ㄱ 당시 지원형주택 공고 났을 무렵이었고 안내했으나 

위치가 맞지 않다고 거부하셨음을 안내하면서 

그 후 상담 내역 없어서 무슨 주택 신청했늕 알 수 없다고 답변

전화 주신분이 이 곳에서 직접 신청 접수 하고 있는것으로 잘못 알고 있는것 같아서

이 곳은 정부기관이 아니라

신천이나 접수나 공고는 하지 않고

안내와 신청시 못하시는 부분 도와 드림을 안내 함



성함 묻고 상담"
52,"- 장기체납세대 상담
- 주요체납원인: 왼쪽 눈이 실명되고 있는데 치료비가 많이 들어 체납됨.
- 상담내용: 대상자는 수급자이고 의료급여 받고있음에도 불구하고 실명 치료비 본인부담금이 많이 들어서 임대료 납부가 어려웠다고 함. 8월에 SH전세임대는 게약해지 되었고 현재는 고시원에 거주중임. 조만간 성북강북센터에 가서 체납상담 진행할거라고 함. 치료비로 지출이 많아서 체납이 된 상태로, 긴급복지지원제도 안내드림."
53,"- 집 안나왔냐고 문의주심
- 직원분 안왔냐고 하심. 
- 중구지역 집 나오면 연락드리겠다 안내 함."
54,"- 11월 2일 방배본동 '찾아가는 이동상담소' 참여
- 수급자
- 월세 33만원
- 생활비 68만원으로 생활함
- 전세임대 거주했으나 재개발로 이사했음
- 영구, 매입, 전세, 국민, 행복 주택 안내해드림
- 영구, 매입, 전세임대 문자알림서비스 등록"
55,"2019 사회복지박람회 서대문주거복지센터_ 설문조사 참여

- 우리 집 수리하고 싶은곳
- 내 집을 둘러싼 문제점 
"
56,"구로자활근무 / 한부모 모자가구 / 17세 자녀와 sh 전세임대 거주중 /  2021년 3월 계약만료 /
현거주집 계약만료되면  집주인이 살겠다고 하며 퇴거 요구하여 공공임대주택 문의 위해 내방함 
집주인 거주의사 밝힌경우 계약 갱신 효력없음 안내 / sh 전세임대 계약연장시 절차나 진행상황  문의 
sh 구로금천지사 , sh 본사 전세임대 맞춤주택부 전화번호 안내함."
57,"> 재 확인결과 SH가 아닌 LH매입임대 신청한것으로 확인됨.
> 본인에게 다시 전화하여 LH전세임대신청원하시면 주민센터 방문하셔서 재신청 권함,
> 전세임대가 먼저 발표나면 전세임대 거주하다가 매입임대로 이전할수 있음을 안내.

- 동 주민센터에서 중복신청 안된다고 하여 매입만 신청했다고 함.
- 이사비용에 대해 지원이 가능한지.

> 목 4동 주민센터에 연락하여 중복신청 가능여부 전달
> 이사비용에 대해서는 주거지원사업 붙게 되면 LH측에서 연락 갈것을 알림."
58,"한국에너지공단으로부터 200만원 지원받아 창문, 방충망, 보일러 설치하였는데 이에 대해 집주인에게 유익비반환청구권 행사와 관련하여
주민센터,법률구조공단으로부터 무료 변호사를 선임받았다고 함
주거상담소가 이 문제에 대해서 별도로 도움을 줄 수 있는지 물어봐서 주거상담소내에는 변호사가 없어서 법률 자문을 해줄 수 없다고 안내하였음

공공임대주택의 종류와 내용에 대해 물어봐서 간략하게 설명하였음"
59,"-전화상담
메모내역 확인하여 5차례 연락드렸으나 부재."
60,"16:00 문자발송

SH 기존주택 매입임대 장기미임대 입주자 수시모집(2차) 공고

■주택유형
다가구가형: 50㎡이하, 모든가구
다가구나형: 50㎡초과 85㎡이하, 3인이상가구
원룸형: 50㎡미만, 1~2인가구

*금천구는 다가구나형 주택만 있으며, 희망시 타지역 신청가능

■모집일정
주택공개: 4/11(월)~4/15(금)
신청접수: 4/13(수)~4/15(금)
서류심사대상자발표: 5/4(수)
입주대상자발표: 6/3(금)

■임대조건
시중 전세가격의 약 30% 수준, 입주대기자가 없는 경우 최장 6년 거주 가능"
61,"국민임대 신청 문의차 내방상담 / 신청서 및 개인정보 동의서 작성 자세하게 안내함.
단지 유형별, 지구,보증금에 대해 지속적으로 반복해서 문의 /  반복해서 같은 내용 안내해드림."
62,"* 가구상황 
- 초록우산어린이재단 지원금 사용내역에 대해 사진 영수증 전달해 주심. 
- 추운 날 허름한 집에서 겨울이 힘들었는데 온열기구와 이불, 아이 점퍼 등을 잘 구입하셨다고 감사하다고 하심. 

* 센터조치 
- 도움이 되셨다니 저희도 감사하다 인사드림. 
- 재단에서 감사편지를 요청하는데 가능하겠는지 확인(*얼마든지 가능하다고 하심), 편지글 주시기로 함.  

*** 초록우산에 보낼 편지 도착하면 센터에서 정리해 재단을 보내기로 함."
63,"<비주택거주자 주거상향지원사업>

남영동주민센터에 전세임대주택 신청서 접수 하신 분
=========================================
입주희망지역 : 후암동인근, 
비주택거주기간 : 4개월
조건부수급자
=====
전세계약금 50만원 준비 알려드림
3개월 후 확정안내문 받으시면 내방하시기로 함
=====
코로나로 조건부 근로도 못하고 많이 답답한 상태. 
담배값이라도 절약해서 꼭 50만원은 만들겠다고 다짐하심.
세상천지에 혼자이지만 잘 살아보려고 애쓰고 있다며
잘 지원부탁한다고 당부하심."
64,"국민임대 안내
문자 받으면 공고문 확인하고 신청하길 안내함"
65,"이사 잘 하셨는지 전화 드림
  7/15일 이사 예정이라고 하셔서 전화 드렸으나 연결되지 않아 문자 드림
  목요일에 다시 전화 드려볼 예정임 

 [ 안녕하세요, 
강북주거복지센터입니다. 
이사 잘 하셨는지 궁금하여 
연락드립니다. 
이사 하신 후 전입신고 하셨다면 
주민등록등본 1통 부탁 드립니다. 
감사합니다.]"
66,"<희망의 빛 나누기>
- 조모 집에 화재 경보기 설치 희망함.
- 2019년 사업 종료->2020년 동주민센터를 통해 추천 받아서 진행함을 안내
- 희망의빛 사업 시작시 신청방법 안내, 추천 대상자 부족시 자체발굴 예비 대상자
- 주거복지 상담은 추에 기록, - 4인가구(부부+성인자녀2명) , 비수급자, 장애 없음.
- 4인가구 소득 460만원(본인180,배우자,50,큰자녀 소득없음:공시준비,막내자녀230)
- 청약 24회이상 납입, 보증금 천만원 마련가능
- 현재 중소기업 대출로 입주함 1억1천만원 (1억대출,천만원 본인부담금) 월이자 12만원
- 방3개 20평 이하 거주중 
- 국민임대, 공공임대 정보제공 공고 알림서비스등록
- 중소기첩 청년대출 월이자, 임대주택 최대 전환 보증금 비교후 임대주택 신청 하시도록 안내
"
67,"당사자가 핸드폰이 없어 직접 통화 어려워 임대인과 통화함.
여명구 님 1월 임차료 입금하였음을 안내, 당사자에게 지원사실 알려주십사 요청드림."
68,"- 방배3동 주거복지교육 진행
- 공공임대주택 책자 및 주거복지서비스 팜플렛 제공
- 전반적인 공공임대주택 안내 
- 주택청약 지속적 납입 권유"
69,"김치 가지러 내방 하심
체온 체크하고 수령 싸인 받은 후 사진 촬영하고 배분함"
70,"- 유선 상담
- 견적 방문 일정으로 통화
- 신청인은 다음주 금요일(6/10) 오후 4시 30분 견적 방문 요청하여 업체와 함께 방문하기로 함"
71,"비수급자
전세임대 7500만원 5년째 거주(본인부담 375만원)
딸 28살 소득이 생겨 세대 분리함
24살 딸과 함께 거주

국민임대 문자 보내드리기로 함
"
72,"보증금지원형 장기안심주택 문자알리미 서비스 신청 대상 맞춤형 문자 발송
문자내용:
안녕하세요. 서초주거복지센터입니다. 
2022년 제1차 보증금지원형 장기안심주택 입주자 모집공고(공고일2022.4.1)안내차 문자보내드립니다.
-보증금지원형 장기안심 주택이란 전월세 세입자가 입주를 원하는 주택의 보증금 30%(보증금이 1억원 이하인 경우 50%), 최대 4천5백만원(신혼부부 특별공금 최대 6,000만원)을 최장 10년까지 서울특별시에서 지원하는 정책입니다.

1. 신청기간: 2022.04.11(월)~15(금)
※인터넷청약 신청만 가능

2. 신청자격 : 입주자 모집공고일 현재 서울특별시에 주민등록이 등재된 무주택세대구성원으로서 아래의 신청요건에 해당하는 자 

[일반공급] 
① 해당세대의 월평균 소득이 전년도 도시근로자 가구당 월평균소득의 100% 이하일 것 
② 해당세대가 보유하고 있는 모든 부동산(토지, 건축물) 가액 합산기준 21,550만원 이하이고, 보유하고 있는 자동차가액이 현재가치 기준 3,557만원 이하일 것 

[특별공급] 
① 아래의 신혼부부 신청자격을 가진 자 
② 해당세대의 월평균 소득이 전년도 도시근로자 가구당 월평균소득의 120% 이하일 것 
③ 해당세대가 보유하고 있는 모든 부동산(토지, 건축물) 가액 합산기준 21,550만원 이하 이고, 보유하고 있는 자동차가액이 현재가치 기준 3,496만원 이하일 것 
- 1순위 : 혼인기간이 7년 이내이고, 그 기간에 임신 중이거나 출산(임신 중이거나 입양한 자 포함) 하여 자녀가 있는 자 
- 2순위 : 혼인기간이 7년 이내인 자 

3. 공급 호수 : 2,500호(평균지원금을 기준으로 추정한 호수로 예산 상황에 따라 증감 될 수 있음) 
일반공급: 2,000호, 특별공급(신혼부부)500호

※ 입주대상자로 선정 시 주택의 보증금을 지원하는 유형으로 입주대상자가 직접 입주주택을 물색(또는 기존 거주주택 가능)하여야 합니다. 
※자세한 사항은 공사 홈페이지( http://www.i-sh.co.kr) 에서 공고문을 확인해 주시기 바랍니다.  
그 외 보증금지원형 장기안심주택 관련 문의사항이 있을 경우 02-6202-9000 또는 02-6202-9001로 전화주시면 상담 가능합니다. 
서초주거복지센터는 9~18시까지 운영하며 12~13시는 점심시간이니 참고바랍니다."
73,"-통화

: 2/4일 서초구로 이사 예정이며 이사비 지원, 생필품 지원 가능한지 문의함

-대응조치
: 현재 주거취약계층 주거상향 지원사업 사업비 소진으로 지원 불가하며, 
주거복지재단 통해 지원 가능한지 알아보고 전화하기로 함."
74,2021년 재개발 국민임대 문자알림서비스 재등록 (스마트폰/연간)
75,"2021년 특화사업 방역키트 물품 만족도조사
1. 지원된 방역키트물품에 만족한다. : 만족
2. 지원 서비스 및 과정에 만족한다. : 만족
3. 코로나 방역 및 대응에 도움이 되었다. : 만족
4. 지역주민을 위해 꼭 필요한 사업이다. : 만족"
76,"청년임차보증금 이자지원사업 문의주심.
작년까지 일을 하심. 최근 사업자등록을 하심. 제출서류 문의주심.

소득증빙자료로 홈택스에서 전년도 소득금액증명원 제출하시고,
근로증빙자료로 사업자등록증 제출하시길 안내드림."
77,"임대인 안전손잡이 설치 동의하였으니 설치해도 된다고 전달함
+)
<문자전송>
- 내담자와 전화 연결이 되지 않아 김정례님과 통화함
- 안전손잡이 설치위해 업체가 방문해야 하는데 내담자와 통화가 안됨
  해서 내담자와 통화하고 방문 약속을 잡기로 함"
78,"신림지역자활센터에서 교육받고 있음. 어제오늘 교육받고 있음.
지난달에 주거비만 나왔고 이번달에 수급비 받음.
고시원비 지원받고 싶음.
"
79,"- 주거복지서비스 생필품 구입을 위해 약속하기 위해 전화했다고 함
- 담당자에게 전달하여 전화하겠다고 답함"
80,"○상담문의 
  주민센터 방문하여 재난비 신청하려고하는데 오늘 가도되는지
○상담결과
 34년생은 목요일방문임을 안내해드림"
81,"* 임대주택 공고 안내
1. 노인 2인 가구, 기초수급자(7/3부터)
- 배우자 지체장애 5급( 허리디스크, 다리 수술하여 불편함)
- 반지하 가구, 보증금 100만원 / 월세 20만원
- 집이 불편하여 임대주택으로 이사원함.
- 주민센터(성산2동)에서 상담받으셨고, 6월에 LH임대주택알리미서비스 등록하고 임대주택 신청함.

ㅡ> SH공사 임대주택알리미서비스 등록 안내함.
ㅡ> 의뢰인으로 등록하고 영구임대, 전세임대, 매입임대 등 임대주택 공고시 안내하기로 함."
82,"- 유선상담
- 소득이 없는 경우에도 서류를 제출해야 되는지 궁금하여 상담요청
- 소득이 없는 경우는 사실증명원(신고사실없음)을 제출하면 된다고 안내함"
83,"※ 방문경로 : 선배가 동대문센터에서 상담 받으며 본 센터 알게 됨

1. 가구상황 : 4인가구 (부부+93년아들+94년딸)
2. 주거상황 : 1000/80 (전용19평) 
3. 경제상황 : 비수급자, 본인 택시,아들 150~200 수입, 청약 없음
4. 건강상태 : 장애5급, 관절 안좋음
5. 욕구 :
- 월세 부담되 줄이고 싶어 임대주택 문의함
- 현재 조건으론 유리한 점 없음 알림
(9월 행복주택 공고시 세대분리후 아들이 청약하는 것 고려하겠다고 함)
- 청약 배점 중요하니 가입하길 권유함
- 문자알림서비스 안내 
(매입,행복,국민임대 신청 권함)
"
84,"- 수요일에 방문하여 업무용 오피스텔인지 실사를 감
- 수요일애 서류를 준비하여 미비된 서류를 받기로 함"
85,"- 11:00 문자발송

SH 하반기 매입임대주택 입주대기자 모집공고

■금천구 모집인원
다가구가형(모든가구): 120가구
다가구나형(3인이상): 35가구
원룸(2인이하): 210가구

■신청자격
생계 또는 의료 수급자, 한부모가족, 주거지원시급가구
저소득 고령자, 월평균소득 70%이하 장애인

■신청접수(동주민센터)
1순위: 9/19(월)~9/21(수)
2순위: 9/22(목)~9/23(금)
(*2순위는 1순위 모집인원 미달시에만 모집하며
신청가능 여부는 동주민센터에 확인하시길 바랍니다.)

■입주대기자 발표
12/23(금) 18:00

-금천주거안심종합센터 주거상담소-"
86,"- 1인가구 주택관리 서비스 완료로 확인 방문.
- 시공상 하자 발생으로 1개월 가량 소요되었지만 필요한 사항들이 서비스 되어 전체적으로 만족한다고 하심
- 만족도 점수 5점, 특이사항 없음."
87,"14:15  내방  (LH 선정 등기 지참 후 내방)

계약 체결 기한: 2022.06.27

부동산 방문 시 LH 전세 임대,보증금 50만원 건 취급 해 보셨는지 먼저 물어보시라고 안내함
개인 서류 3개(주민 등록 등본, 가족 관계 증명서, 수급자 증명서)와 주택 물색 과정 설명 드리고
가 계약 시 계약금 50만원이 본 계약으로 이루어지지 않을 시
반환 해 줄 것을 꼭 특약으로 기재 해 달라 하라고 말씀드림

본 계약 하시면 계약서 지참 후 내방 하시라고 말씀드림-프린트 물 출력하여 드림
열린 부동산 연락 처 기재 해 드림"
88,"[서울시복지재단] 02-6353-0358 정선진통화
임차보증금 지원사업 지급건 관련 회신 요청함
SH전세임대주택 자금이 소진되어 12월 10일경 계약 가능
11월 20일까지 신청해야 금액지원가능함

> 전달드림, [서울시복지재단] 02-6353-0358 정선진통화
임차보증금 지원사업 지급건 관련 회신 요청함
SH전세임대주택 자금이 소진되어 12월 10일경 계약 가능
11월 20일까지 신청해야 금액지원가능함

> 전달드림"
89,"- 10년전 집에 불이 나 집을 리모델링이 끝난 후 다시 입주하기로 하였으나, 입주가 무산 됐다고 말씀
- 현재는 거주지 없이 노숙하고 있는 상황 (9개월 가량 되었다고 말씀)
- 노숙인 상태에서 비주택 신청이 불가하여 고시원 입주 후 3개월 이상 거주한 뒤 신청 안내
- 청약 2만원 1년 가량 들었다고 말씀
- 국토부 사무실 안내
- 예전에 아는 형님들이 일이 있을 때 알바를 했지만 코로나 19로 인해서 일이 없어 아는 형님들이 주는 페품 수집으로 살고 계심
- 우선 고시원을 잡아 주소를 확실히 하신 후 까까운 주민센터로 가서 주거급여, 생계급여 신청하신다고 함, - 10년전 집에 불이 나 집을 리모델링이 끝난 후 다시 입주하기로 하였으나, 입주가 무산 됐다고 말씀
- 현재는 거주지 없이 노숙하고 있는 상황 (9개월 가량 되었다고 말씀)
- 노숙인 상태에서 비주택 신청이 불가하여 고시원 입주 후 3개월 이상 거주한 뒤 신청 안내
- 청약 2만원 1년 가량 들었다고 말씀
- 국토부 사무실 안내
- 예전에 아는 형님들이 일이 있을 때 알바를 했지만 코로나 19로 인해서 일이 없어 아는 형님들이 주는 페품 수집으로 살고 계심
- 우선 고시원을 잡아 주소를 확실히 하신 후 까까운 주민센터로 가서 주거급여, 생계급여 신청하신다고 함"
90,"-단독세대/수급자
-청각장애 일반 장애인
-현재 거주하고 있는 곳은 보증금 500만원, 월세로 납부 중인데 이번 8월에 계약이 끝나서 방을 빼야해서 집을 알아보려고 주민센터 방문해주셨어서 성수1가2동 주무관님 통해서 들어갈 수 있는 곳이 있는지 문의전화주셨음. 현재 들어갈 수 있는 임대주택은 없기 때문에 월요일에 센터 방문하실 예정이어서 방문 후에 추후 사항 진행해야 함."
91,"춘천 영구임대가 150가구 모집하는데 대기중인 가구가 60가구이면 입주하는데에 얼마나 걸리는지 문의함.
- 보편적으로는 1~2년내에 입주하는 것으로 알고있지만, 공가가 나와야 순서대로 입주하다보니 기간이 얼마나 걸릴지는 정확히 말씀드리기 어렵다고 안내함.
당첨자 발표가 내년 1월이라고 하여 우선 당첨자 발표 나올때까지 기다려보시길 안내함.
"
92,"광진지역자활센터 의뢰 _담당자 허동혁 팀장 (070-7600-5631)

○가구상황 : 1인가구
○주거상황 : 고시원 30년째 거주중
○경제상황 : 자활에서 근무(쇼핑백 접기)하며 조건부 수급자
○건강상태 : -
○욕구 : SH 매입임대주택 선정 이후 보증금 부족

- SH 매입임대 선정 이후 보증금 23,780,000원 중 계약금 2,378,000원 납부(4/22)
- 임대료 245,100원 예상
- 이주할 주소지 : 자양동800-5,303호 
- 자세한 내용은 자활에서도 모른다고 함, 대상자 통화

- 현재 SH에 계약하러 가는 길이며, 임대료를 높일시 보증금을 낮출수 있다고 하여 방문하여 확인할 예정이라고 함
- 확인 후 연락달라고 함, 구의 1동 주민센터 (이송민 주무관) 통화

- 대상자 성함 및 생년월일 결과 기록에 뜨지 않는다고 함
- 재확인 필요

____________________________________________________

- 대상자 거주 확인함 
- SH 21년 8월25일 다가구원룸 매입임대 공고에 신청한걸로 확인됨, 대상자 통화
SH 확인 후 회신 줌
-> 보증금 임대료 전환하여 대상자가 추가적으로 지급해야 할 보증금액은 7,132,000원(계약금 포함시 9,510,000원) 임대료 290,700원 예정

-복지기금을 통해 입주 10일 전까지 대출을 통해 면책 최종결과를 확인해야 한다고 함
  (정확한 의미파악이 어려워 대면상담을 통해 재확인할 예정)"
93,"이사 후 방문하여 사후관리 진행함

- 이사 : 지인들이 용달로 옮겨줌, 간이영수증도 안된다고 함
- 주택 : 1억 1천만원
- 소득 : 58만원 (생계+장애수당 4)
- 주거급여 : 대상자이며  LH 가상계좌 받아서 자동이체 신청함(이번달 129,000원 나옴)
- 나중에 영구임대 아파트 희망함
- 서울 거주기간 : 20년 이상
- 화분, 영어, 요리 등의 프로그램 참여하고 싶다고 함
- 청약 : 작년 10월에 가입함. 12월까지만 납입하여 은행에 문의 후 5개월치 납입하시라고 안내함
- 일상생활 : 오전에 지인 만나서 차마심

- 참여할 수 있는 프로그램 알아본 후 연락드리기로 함"
94,"*작년 상담 기록 기반으로 재상담차 연락드림

-작년에 전세임대 대상자 선정되어 노원구로 이사하심
"
95,"[중랑주거복지센터 기관명칭 변경안내 문자 발송]

- 중랑주거안심종합센터로 기관명칭 변경 및 위치 상세 안내 
- 2022년 문자알림서비스 수신 연장 안내 
-  중랑주거안심종합센터 연락처 안내"
96,"<비주택거주자 주거상향 지원사업 - 주택물색>

-오늘 계약 예정이라고 함 
-입주는 2021.1.25일 예정 

>주거급여 문의해서 주거급여콜센터 번호 문자발송"
97,"-현재 거주지 재개발임대주택 4월에 계약 만료로 이사해야하는 상황
-추후 공공임대주택 공고 시 연락 예정"
98,"* 청년임차보증금 문의
1. 기존주택에 거주 중 재계약시 청년임차보증금 신청 가능한지 문의함.
-> 재계약시 대환신청 가능하며, 계약종료일 3개월이내,  주민등록 전입일로부터 3개월이상 경과시만 가능하며 재계약서 제출해야 된다고 안내함."
99,"체납 지원 받고 싶어 연락함
3개월이상 연체 되어야 지원가능하다고 하여 3개월 연체 되어 연락 하였다함
지원 받기 위하여 필여한 서류 문의 함
아직 올해 예산이 지원이 없어 당장 지원하기는 어렵다고 양해 구함'
자세한 상담을 돕기 위해 담당자께 메모 남겨놓겠다 함"
100,"-영화감상 관련하여 참여 여부를 확인하기 위해 전화 함.
-남자분과 함께 보는 것과 11월 초만 아니면 참여의사가 있다고 말씀 함. 
-스케줄 정해지면 연락드리기로 함."
