type,word,pos
일반,대상자,NNG
일반,서비스,NNG
일반,주거,NNG
일반,주택,NNG
일반,가구,NNG
일반,뽐내다,NNG
일반,시흥,NNG
일반,시흥동,NNG
일반,독산동,NNG
일반,금하로,NNG
일반,박경,NNG
일반,박상준,NNG
일반,이종현,NNG
일반,장진호,NNG
일반,한혜경,NNG
일반,경옥,NNG
일반,김광용,NNG
일반,최문영,NNG
일반,신기석,NNG
일반,동점,NNG
일반,목 6,NNG
일반,목6,NNG
일반,수4,NNG
일반,수 4,NNG
일반,월요일,NNG
일반,화요일,NNG
일반,수요일,NNG
일반,목요일,NNG
일반,금요일,NNG
일반,토요일,NNG
일반,일요일,NNG
일반,점지,NNG
일반,자세,NNG
일반,인하다,NNG
일반,그렇다,NNG
일반,의하다,NNG
일반,관하다,NNG
일반,이렇다,NNG
일반,코라코,NNG
일반,기반,NNG
일반,이야기,NNG
일반,그러다,NNG
일반,안녕하세요,NNG
일반,이루어지다,NNG
일반,생년월일,NNG
deep.chulgil.me,가령,NNG
deep.chulgil.me,각각,NNG
deep.chulgil.me,각자,NNG
deep.chulgil.me,각종,NNG
deep.chulgil.me,거의,NNG
deep.chulgil.me,것들,NNG
deep.chulgil.me,게다가,NNG
deep.chulgil.me,게우다,NNG
deep.chulgil.me,겨우,NNG
deep.chulgil.me,결국,NNG
deep.chulgil.me,겸사겸사,NNG
deep.chulgil.me,고로,NNG
deep.chulgil.me,과연,NNG
deep.chulgil.me,관한,NNG
deep.chulgil.me,그들,NNG
deep.chulgil.me,그때,NNG
deep.chulgil.me,그래,NNG
deep.chulgil.me,그러나,NNG
deep.chulgil.me,그러니,NNG
deep.chulgil.me,그러니까,NNG
deep.chulgil.me,그러면,NNG
deep.chulgil.me,그러므로,NNG
deep.chulgil.me,그러한즉,NNG
deep.chulgil.me,그런 까닭에,NNG
deep.chulgil.me,그런데,NNG
deep.chulgil.me,그런즉,NNG
deep.chulgil.me,그럼,NNG
deep.chulgil.me,그리고,NNG
deep.chulgil.me,그위에,NNG
deep.chulgil.me,그저,NNG
deep.chulgil.me,근거로,NNG
deep.chulgil.me,기대여,NNG
deep.chulgil.me,기타,NNG
deep.chulgil.me,까악,NNG
deep.chulgil.me,까지,NNG
deep.chulgil.me,꽈당,NNG
deep.chulgil.me,끙끙,NNG
deep.chulgil.me,끼익,NNG
deep.chulgil.me,남들,NNG
deep.chulgil.me,남짓,NNG
deep.chulgil.me,너희,NNG
deep.chulgil.me,누구,NNG
deep.chulgil.me,다른,NNG
deep.chulgil.me,다만,NNG
deep.chulgil.me,다섯,NNG
deep.chulgil.me,다소,NNG
deep.chulgil.me,다수,NNG
deep.chulgil.me,다음,NNG
deep.chulgil.me,단지,NNG
deep.chulgil.me,답다,NNG
deep.chulgil.me,당신,NNG
deep.chulgil.me,당장,NNG
deep.chulgil.me,댕그,NNG
deep.chulgil.me,더구나,NNG
deep.chulgil.me,더라도,NNG
deep.chulgil.me,더불어,NNG
deep.chulgil.me,동시에,NNG
deep.chulgil.me,동안,NNG
deep.chulgil.me,된바에야,NNG
deep.chulgil.me,된이상,NNG
deep.chulgil.me,두번째로,NNG
deep.chulgil.me,둥둥,NNG
deep.chulgil.me,뒤따라,NNG
deep.chulgil.me,뒤이어,NNG
deep.chulgil.me,등등,NNG
deep.chulgil.me,딩동,NNG
deep.chulgil.me,따라,NNG
deep.chulgil.me,따라서,NNG
deep.chulgil.me,따위,NNG
deep.chulgil.me,때가 되어,NNG
deep.chulgil.me,때문에,NNG
deep.chulgil.me,또한,NNG
deep.chulgil.me,뚝뚝,NNG
deep.chulgil.me,라 해도,NNG
deep.chulgil.me,로부터,NNG
deep.chulgil.me,마음대로,NNG
deep.chulgil.me,마저,NNG
deep.chulgil.me,마저도,NNG
deep.chulgil.me,마치,NNG
deep.chulgil.me,만약,NNG
deep.chulgil.me,만약에,NNG
deep.chulgil.me,만일,NNG
deep.chulgil.me,만큼,NNG
deep.chulgil.me,매번,NNG
deep.chulgil.me,모두,NNG
deep.chulgil.me,무렵,NNG
deep.chulgil.me,무슨,NNG
deep.chulgil.me,무엇,NNG
deep.chulgil.me,물론,NNG
deep.chulgil.me,바로,NNG
deep.chulgil.me,반대로,NNG
deep.chulgil.me,반드시,NNG
deep.chulgil.me,버금,NNG
deep.chulgil.me,보다더,NNG
deep.chulgil.me,보드득,NNG
deep.chulgil.me,본대로,NNG
deep.chulgil.me,봐라,NNG
deep.chulgil.me,부터,NNG
deep.chulgil.me,붕붕,NNG
deep.chulgil.me,비교적,NNG
deep.chulgil.me,비로소,NNG
deep.chulgil.me,비록,NNG
deep.chulgil.me,비슷하다,NNG
deep.chulgil.me,비하면,NNG
deep.chulgil.me,삐걱,NNG
deep.chulgil.me,설령,NNG
deep.chulgil.me,설마,NNG
deep.chulgil.me,설사,NNG
deep.chulgil.me,소생,NNG
deep.chulgil.me,소인,NNG
deep.chulgil.me,시각,NNG
deep.chulgil.me,시간,NNG
deep.chulgil.me,실로,NNG
deep.chulgil.me,심지어,NNG
deep.chulgil.me,아니,NNG
deep.chulgil.me,아래윗,NNG
deep.chulgil.me,아무거나,NNG
deep.chulgil.me,아무도,NNG
deep.chulgil.me,아야,NNG
deep.chulgil.me,아울러,NNG
deep.chulgil.me,아이,NNG
deep.chulgil.me,아이고,NNG
deep.chulgil.me,아이구,NNG
deep.chulgil.me,아이야,NNG
deep.chulgil.me,아이쿠,NNG
deep.chulgil.me,아하,NNG
deep.chulgil.me,아홉,NNG
deep.chulgil.me,알았어,NNG
deep.chulgil.me,앞에서,NNG
deep.chulgil.me,앞의것,NNG
deep.chulgil.me,약간,NNG
deep.chulgil.me,양자,NNG
deep.chulgil.me,어기여차,NNG
deep.chulgil.me,어느,NNG
deep.chulgil.me,어디,NNG
deep.chulgil.me,어때,NNG
deep.chulgil.me,어떠한,NNG
deep.chulgil.me,어떤,NNG
deep.chulgil.me,어떤것,NNG
deep.chulgil.me,어떤것들,NNG
deep.chulgil.me,어이,NNG
deep.chulgil.me,어째서,NNG
deep.chulgil.me,어쨋든,NNG
deep.chulgil.me,어찌,NNG
deep.chulgil.me,언제,NNG
deep.chulgil.me,언젠가,NNG
deep.chulgil.me,얼마,NNG
deep.chulgil.me,얼마간,NNG
deep.chulgil.me,얼마나,NNG
deep.chulgil.me,얼마든지,NNG
deep.chulgil.me,얼마큼,NNG
deep.chulgil.me,엉엉,NNG
deep.chulgil.me,에게,NNG
deep.chulgil.me,에서,NNG
deep.chulgil.me,여기,NNG
deep.chulgil.me,여덟,NNG
deep.chulgil.me,여러분,NNG
deep.chulgil.me,여보시오,NNG
deep.chulgil.me,여부,NNG
deep.chulgil.me,여섯,NNG
deep.chulgil.me,여전히,NNG
deep.chulgil.me,여차,NNG
deep.chulgil.me,연이서,NNG
deep.chulgil.me,영차,NNG
deep.chulgil.me,옆사람,NNG
deep.chulgil.me,예컨대,NNG
deep.chulgil.me,오로지,NNG
deep.chulgil.me,오르다,NNG
deep.chulgil.me,오자마자,NNG
deep.chulgil.me,오직,NNG
deep.chulgil.me,오호,NNG
deep.chulgil.me,오히려,NNG
deep.chulgil.me,와르르,NNG
deep.chulgil.me,와아,NNG
deep.chulgil.me,왜냐하면,NNG
deep.chulgil.me,외에도,NNG
deep.chulgil.me,요만큼,NNG
deep.chulgil.me,요컨대,NNG
deep.chulgil.me,우르르,NNG
deep.chulgil.me,우리,NNG
deep.chulgil.me,우리들,NNG
deep.chulgil.me,우선,NNG
deep.chulgil.me,운운,NNG
deep.chulgil.me,위하여,NNG
deep.chulgil.me,위해서,NNG
deep.chulgil.me,윙윙,NNG
deep.chulgil.me,으로,NNG
deep.chulgil.me,으로 인하여,NNG
deep.chulgil.me,으로서,NNG
deep.chulgil.me,으로써,NNG
deep.chulgil.me,응당,NNG
deep.chulgil.me,의해,NNG
deep.chulgil.me,이것,NNG
deep.chulgil.me,이곳,NNG
deep.chulgil.me,이때,NNG
deep.chulgil.me,이라면,NNG
deep.chulgil.me,이래,NNG
deep.chulgil.me,이러한,NNG
deep.chulgil.me,이런,NNG
deep.chulgil.me,이만큼,NNG
deep.chulgil.me,이번,NNG
deep.chulgil.me,이봐,NNG
deep.chulgil.me,이상,NNG
deep.chulgil.me,이젠,NNG
deep.chulgil.me,이지만,NNG
deep.chulgil.me,이쪽,NNG
deep.chulgil.me,이천구,NNG
deep.chulgil.me,이천육,NNG
deep.chulgil.me,이천칠,NNG
deep.chulgil.me,이천팔,NNG
deep.chulgil.me,인젠,NNG
deep.chulgil.me,일곱,NNG
deep.chulgil.me,일단,NNG
deep.chulgil.me,일때,NNG
deep.chulgil.me,있다,NNG
deep.chulgil.me,자기,NNG
deep.chulgil.me,자기집,NNG
deep.chulgil.me,자마자,NNG
deep.chulgil.me,자신,NNG
deep.chulgil.me,잠깐,NNG
deep.chulgil.me,잠시,NNG
deep.chulgil.me,저것,NNG
deep.chulgil.me,저것만큼,NNG
deep.chulgil.me,저기,NNG
deep.chulgil.me,저쪽,NNG
deep.chulgil.me,저희,NNG
deep.chulgil.me,전부,NNG
deep.chulgil.me,전자,NNG
deep.chulgil.me,전후,NNG
deep.chulgil.me,제각기,NNG
deep.chulgil.me,조금,NNG
deep.chulgil.me,조차,NNG
deep.chulgil.me,조차도,NNG
deep.chulgil.me,졸졸,NNG
deep.chulgil.me,좍좍,NNG
deep.chulgil.me,주룩주룩,NNG
deep.chulgil.me,즉시,NNG
deep.chulgil.me,지든지,NNG
deep.chulgil.me,지만,NNG
deep.chulgil.me,지말고,NNG
deep.chulgil.me,진짜로,NNG
deep.chulgil.me,차라리,NNG
deep.chulgil.me,참나,NNG
deep.chulgil.me,첫번째로,NNG
deep.chulgil.me,콸콸,NNG
deep.chulgil.me,쾅쾅,NNG
deep.chulgil.me,타다,NNG
deep.chulgil.me,타인,NNG
deep.chulgil.me,탕탕,NNG
deep.chulgil.me,토하다,NNG
deep.chulgil.me,통하여,NNG
deep.chulgil.me,틈타,NNG
deep.chulgil.me,펄렁,NNG
deep.chulgil.me,하겠는가,NNG
deep.chulgil.me,하구나,NNG
deep.chulgil.me,하기에,NNG
deep.chulgil.me,하나,NNG
deep.chulgil.me,하느니,NNG
deep.chulgil.me,하는바,NNG
deep.chulgil.me,하더라도,NNG
deep.chulgil.me,하도다,NNG
deep.chulgil.me,하지만,NNG
deep.chulgil.me,하하,NNG
deep.chulgil.me,한 후,NNG
deep.chulgil.me,한다면,NNG
deep.chulgil.me,한데,NNG
deep.chulgil.me,한마디,NNG
deep.chulgil.me,함께,NNG
deep.chulgil.me,허걱,NNG
deep.chulgil.me,허허,NNG
deep.chulgil.me,헉헉,NNG
deep.chulgil.me,혹시,NNG
deep.chulgil.me,혹은,NNG
deep.chulgil.me,혼자,NNG
deep.chulgil.me,훨씬,NNG
deep.chulgil.me,휘익,NNG
deep.chulgil.me,흐흐,NNG
deep.chulgil.me,힘입어,NNG
지역명,서초선포레,NNG
지역명,센트럴,NNG
지역명,래미안리더스원신혼,NNG
지역명,세대서초선포레,NNG
지역명,센트레빌,NNG
지역명,재공급래미안서초에스티지신혼,NNG
지역명,래미안,NNG
지역명,신반포,NNG
지역명,시흥대로,NNG
상담사명,김혜민,NNG
상담사명,윤정선,NNG
상담사명,이주희,NNG
상담사명,송혜진,NNG
상담사명,이종미,NNG
상담사명,최은희,NNG
상담사명,박지혜,NNG
상담사명,최미연,NNG
상담사명,황정은,NNG
상담사명,권인숙,NNG
상담사명,김민정,NNG
상담사명,김수진,NNG
상담사명,김영산,NNG
상담사명,김윤지,NNG
상담사명,김은정,NNG
상담사명,김정환,NNG
상담사명,나미화,NNG
상담사명,노은주,NNG
상담사명,문영록,NNG
상담사명,민예지,NNG
상담사명,박미경,NNG
상담사명,박민정,NNG
상담사명,박유진,NNG
상담사명,박주현,NNG
상담사명,박지선,NNG
상담사명,박혜민,NNG
상담사명,박혜영,NNG
상담사명,배병찬,NNG
상담사명,배혜은,NNG
상담사명,서지애,NNG
상담사명,유지혜,NNG
상담사명,이수현,NNG
상담사명,박인정,NNG
상담사명,경기도,NNG
상담사명,서울,NNG
상담사명,특별시,NNG
상담사명,서울특별시,NNG
상담사명,종로구,NNG
상담사명,중구,NNG
상담사명,용산구,NNG
상담사명,성동구,NNG
상담사명,광진구,NNG
상담사명,동대문구,NNG
상담사명,중랑구,NNG
상담사명,성북구,NNG
상담사명,강북구,NNG
상담사명,도봉구,NNG
상담사명,노원구,NNG
상담사명,은평구,NNG
상담사명,서대문구,NNG
상담사명,마포구,NNG
상담사명,양천구,NNG
상담사명,강서구,NNG
상담사명,구로구,NNG
상담사명,금천구,NNG
상담사명,영등포구,NNG
상담사명,동작구,NNG
상담사명,관악구,NNG
상담사명,서초구,NNG
상담사명,강남구,NNG
상담사명,송파구,NNG
상담사명,강동구,NNG
상담사명,만요,NNG
상담사명,장위,NNG
상담사명,코리아,NNG
상담사명,김명선,NNG
상담사명,읍면,NNG
상담사명,영등포,NNG
상담사명,서초,NNG
상담사명,개포동,NNG
상담사명,일원동,NNG
상담사명,논현동,NNG
상담사명,대치동,NNG
상담사명,도곡동,NNG
상담사명,삼성동,NNG
상담사명,세곡동,NNG
상담사명,자곡동,NNG
상담사명,율현동,NNG
상담사명,수서동,NNG
상담사명,신사동,NNG
상담사명,압구정동,NNG
상담사명,역삼동,NNG
상담사명,청담동,NNG
상담사명,상일동,NNG
상담사명,강일동,NNG
상담사명,고덕동,NNG
상담사명,길동,NNG
상담사명,둔촌동,NNG
상담사명,명일동,NNG
상담사명,성내동,NNG
상담사명,암사동,NNG
상담사명,천호동,NNG
상담사명,미아동,NNG
상담사명,번동,NNG
상담사명,수유동,NNG
상담사명,우이동,NNG
상담사명,가양동,NNG
상담사명,마곡동,NNG
상담사명,염창동,NNG
상담사명,공항동,NNG
상담사명,과해동,NNG
상담사명,오곡동,NNG
상담사명,오쇠동,NNG
상담사명,등촌동,NNG
상담사명,내발산동,NNG
상담사명,외발산동,NNG
상담사명,방화동,NNG
상담사명,개화동,NNG
상담사명,화곡동,NNG
상담사명,봉천동,NNG
상담사명,신림동,NNG
상담사명,남현동,NNG
상담사명,광장동,NNG
상담사명,구의동,NNG
상담사명,군자동,NNG
상담사명,능동,NNG
상담사명,자양동,NNG
상담사명,중곡동,NNG
상담사명,화양동,NNG
상담사명,가리봉동,NNG
상담사명,개봉동,NNG
상담사명,고척동,NNG
상담사명,구로동,NNG
상담사명,궁동,NNG
상담사명,온수동,NNG
상담사명,신도림동,NNG
상담사명,오류동,NNG
상담사명,천왕동,NNG
상담사명,항동,NNG
상담사명,가산동,NNG
상담사명,공릉동,NNG
상담사명,상계동,NNG
상담사명,월계동,NNG
상담사명,중계동,NNG
상담사명,하계동,NNG
상담사명,도봉동,NNG
상담사명,방학동,NNG
상담사명,쌍문동,NNG
상담사명,창동,NNG
상담사명,답십리동,NNG
상담사명,신설동,NNG
상담사명,용두동,NNG
상담사명,이문동,NNG
상담사명,장안동,NNG
상담사명,전농동,NNG
상담사명,제기동,NNG
상담사명,청량리동,NNG
상담사명,회기동,NNG
상담사명,휘경동,NNG
상담사명,노량진동,NNG
상담사명,본동,NNG
상담사명,대방동,NNG
상담사명,사당동,NNG
상담사명,동작동,NNG
상담사명,상도동,NNG
상담사명,상도1동,NNG
상담사명,신대방동,NNG
상담사명,흑석동,NNG
상담사명,아현동,NNG
상담사명,공덕동,NNG
상담사명,신공덕동,NNG
상담사명,도화동,NNG
상담사명,대흥동,NNG
상담사명,노고산동,NNG
상담사명,신수동,NNG
상담사명,마포동,NNG
상담사명,망원동,NNG
상담사명,상암동,NNG
상담사명,창전동,NNG
상담사명,상수동,NNG
상담사명,하중동,NNG
상담사명,신정동,NNG
상담사명,당인동,NNG
상담사명,서교동,NNG
상담사명,동교동,NNG
상담사명,성산동,NNG
상담사명,중동,NNG
상담사명,현석동,NNG
상담사명,구수동,NNG
상담사명,염리동,NNG
상담사명,연남동,NNG
상담사명,용강동,NNG
상담사명,토정동,NNG
상담사명,합정동,NNG
상담사명,남가좌동,NNG
상담사명,북가좌동,NNG
상담사명,북아현동,NNG
상담사명,대현동,NNG
상담사명,대신동,NNG
상담사명,신촌동,NNG
상담사명,봉원동,NNG
상담사명,창천동,NNG
상담사명,연희동,NNG
상담사명,냉천동,NNG
상담사명,천연동,NNG
상담사명,옥천동,NNG
상담사명,영천동,NNG
상담사명,현저동,NNG
상담사명,충정로2가,NNG
상담사명,충정로3가,NNG
상담사명,합동,NNG
상담사명,미근동,NNG
상담사명,홍은동,NNG
상담사명,홍제동,NNG
상담사명,내곡동,NNG
상담사명,염곡동,NNG
상담사명,신원동,NNG
상담사명,반포동,NNG
상담사명,잠원동,NNG
상담사명,방배동,NNG
상담사명,서초동,NNG
상담사명,양재동,NNG
상담사명,우면동,NNG
상담사명,원지동,NNG
상담사명,금호동1가,NNG
상담사명,금호동2가,NNG
상담사명,금호동3가,NNG
상담사명,금호동4가,NNG
상담사명,마장동,NNG
상담사명,사근동,NNG
상담사명,행당동,NNG
상담사명,성수동1가,NNG
상담사명,성수동2가,NNG
상담사명,송정동,NNG
상담사명,옥수동,NNG
상담사명,상왕십리동,NNG
상담사명,하왕십리동,NNG
상담사명,홍익동,NNG
상담사명,도선동,NNG
상담사명,용답동,NNG
상담사명,응봉동,NNG
상담사명,길음동,NNG
상담사명,하월곡동,NNG
상담사명,돈암동,NNG
상담사명,동소문동6가,NNG
상담사명,동소문동7가,NNG
상담사명,동선동1가,NNG
상담사명,동선동2가,NNG
상담사명,동선동3가,NNG
상담사명,동선동4가,NNG
상담사명,동선동5가,NNG
상담사명,보문동4가,NNG
상담사명,보문동5가,NNG
상담사명,보문동6가,NNG
상담사명,보문동7가,NNG
상담사명,보문동1가,NNG
상담사명,보문동2가,NNG
상담사명,보문동3가,NNG
상담사명,동소문동2가,NNG
상담사명,동소문동3가,NNG
상담사명,동소문동5가,NNG
상담사명,삼선동1가,NNG
상담사명,삼선동2가,NNG
상담사명,삼선동3가,NNG
상담사명,삼선동4가,NNG
상담사명,삼선동5가,NNG
상담사명,석관동,NNG
상담사명,성북동,NNG
상담사명,성북동1가,NNG
상담사명,동소문동1가,NNG
상담사명,동소문동4가,NNG
상담사명,안암동1가,NNG
상담사명,안암동2가,NNG
상담사명,안암동3가,NNG
상담사명,안암동4가,NNG
상담사명,안암동5가,NNG
상담사명,상월곡동,NNG
상담사명,장위동,NNG
상담사명,정릉동,NNG
상담사명,종암동,NNG
상담사명,가락동,NNG
상담사명,거여동,NNG
상담사명,마천동,NNG
상담사명,문정동,NNG
상담사명,장지동,NNG
상담사명,방이동,NNG
상담사명,삼전동,NNG
상담사명,석촌동,NNG
상담사명,송파동,NNG
상담사명,오금동,NNG
상담사명,잠실동,NNG
상담사명,신천동,NNG
상담사명,풍납동,NNG
상담사명,목동,NNG
상담사명,신월동,NNG
상담사명,당산동1가,NNG
상담사명,당산동2가,NNG
상담사명,당산동3가,NNG
상담사명,당산동4가,NNG
상담사명,당산동5가,NNG
상담사명,당산동6가,NNG
상담사명,당산동,NNG
상담사명,대림동,NNG
상담사명,도림동,NNG
상담사명,문래동1가,NNG
상담사명,문래동2가,NNG
상담사명,문래동3가,NNG
상담사명,문래동4가,NNG
상담사명,문래동5가,NNG
상담사명,문래동6가,NNG
상담사명,신길동,NNG
상담사명,양평동1가,NNG
상담사명,양평동2가,NNG
상담사명,양평동3가,NNG
상담사명,양평동4가,NNG
상담사명,양평동5가,NNG
상담사명,양평동6가,NNG
상담사명,양화동,NNG
상담사명,양평동,NNG
상담사명,여의도동,NNG
상담사명,영등포동,NNG
상담사명,영등포동1가,NNG
상담사명,영등포동2가,NNG
상담사명,영등포동3가,NNG
상담사명,영등포동4가,NNG
상담사명,영등포동5가,NNG
상담사명,영등포동6가,NNG
상담사명,영등포동7가,NNG
상담사명,영등포동8가,NNG
상담사명,갈월동,NNG
상담사명,남영동,NNG
상담사명,용산동1가,NNG
상담사명,동자동,NNG
상담사명,보광동,NNG
상담사명,동빙고동,NNG
상담사명,서빙고동,NNG
상담사명,주성동,NNG
상담사명,용산동6가,NNG
상담사명,도원동,NNG
상담사명,용문동,NNG
상담사명,용산동2가,NNG
상담사명,용산동4가,NNG
상담사명,원효로1가,NNG
상담사명,원효로2가,NNG
상담사명,문배동,NNG
상담사명,신계동,NNG
상담사명,신창동,NNG
상담사명,산천동,NNG
상담사명,청암동,NNG
상담사명,원효로3가,NNG
상담사명,원효로4가,NNG
상담사명,이촌동,NNG
상담사명,이태원동,NNG
상담사명,서계동,NNG
상담사명,청파동1가,NNG
상담사명,청파동2가,NNG
상담사명,청파동3가,NNG
상담사명,한강로1가,NNG
상담사명,한강로2가,NNG
상담사명,용산동3가,NNG
상담사명,용산동5가,NNG
상담사명,한강로3가,NNG
상담사명,한남동,NNG
상담사명,효창동,NNG
상담사명,후암동,NNG
상담사명,갈현동,NNG
상담사명,구산동,NNG
상담사명,녹번동,NNG
상담사명,대조동,NNG
상담사명,불광동,NNG
상담사명,수색동,NNG
상담사명,역촌동,NNG
상담사명,응암동,NNG
상담사명,증산동,NNG
상담사명,진관동,NNG
상담사명,가회동,NNG
상담사명,재동,NNG
상담사명,계동,NNG
상담사명,원서동,NNG
상담사명,교남동,NNG
상담사명,평동,NNG
상담사명,송월동,NNG
상담사명,홍파동,NNG
상담사명,교북동,NNG
상담사명,행촌동,NNG
상담사명,명륜3가,NNG
상담사명,무악동,NNG
상담사명,부암동,NNG
상담사명,홍지동,NNG
상담사명,신영동,NNG
상담사명,통의동,NNG
상담사명,적선동,NNG
상담사명,체부동,NNG
상담사명,필운동,NNG
상담사명,내자동,NNG
상담사명,사직동,NNG
상담사명,도렴동,NNG
상담사명,당주동,NNG
상담사명,내수동,NNG
상담사명,세종로,NNG
상담사명,신문로1가,NNG
상담사명,신문로2가,NNG
상담사명,팔판동,NNG
상담사명,삼청동,NNG
상담사명,안국동,NNG
상담사명,소격동,NNG
상담사명,화동,NNG
상담사명,사간동,NNG
상담사명,송현동,NNG
상담사명,숭인동,NNG
상담사명,이화동,NNG
상담사명,연건동,NNG
상담사명,동숭동,NNG
상담사명,청진동,NNG
상담사명,서린동,NNG
상담사명,수송동,NNG
상담사명,중학동,NNG
상담사명,종로1가,NNG
상담사명,공평동,NNG
상담사명,관훈동,NNG
상담사명,견지동,NNG
상담사명,와룡동,NNG
상담사명,권농동,NNG
상담사명,운니동,NNG
상담사명,익선동,NNG
상담사명,경운동,NNG
상담사명,관철동,NNG
상담사명,인사동,NNG
상담사명,낙원동,NNG
상담사명,종로2가,NNG
상담사명,훈정동,NNG
상담사명,묘동,NNG
상담사명,봉익동,NNG
상담사명,돈의동,NNG
상담사명,장사동,NNG
상담사명,관수동,NNG
상담사명,종로3가,NNG
상담사명,인의동,NNG
상담사명,예지동,NNG
상담사명,원남동,NNG
상담사명,종로4가,NNG
상담사명,연지동,NNG
상담사명,효제동,NNG
상담사명,종로5가,NNG
상담사명,종로6가,NNG
상담사명,충신동,NNG
상담사명,창신동,NNG
상담사명,청운동,NNG
상담사명,신교동,NNG
상담사명,궁정동,NNG
상담사명,효자동,NNG
상담사명,창성동,NNG
상담사명,통인동,NNG
상담사명,누상동,NNG
상담사명,누하동,NNG
상담사명,옥인동,NNG
상담사명,구기동,NNG
상담사명,평창동,NNG
상담사명,혜화동,NNG
상담사명,명륜1가,NNG
상담사명,명륜2가,NNG
상담사명,명륜4가,NNG
상담사명,충무로4가,NNG
상담사명,충무로5가,NNG
상담사명,인현동2가,NNG
상담사명,예관동,NNG
상담사명,광희동1가,NNG
상담사명,광희동2가,NNG
상담사명,쌍림동,NNG
상담사명,을지로6가,NNG
상담사명,을지로7가,NNG
상담사명,오장동,NNG
상담사명,무교동,NNG
상담사명,다동,NNG
상담사명,태평로1가,NNG
상담사명,을지로1가,NNG
상담사명,을지로2가,NNG
상담사명,남대문로1가,NNG
상담사명,삼각동,NNG
상담사명,수하동,NNG
상담사명,장교동,NNG
상담사명,수표동,NNG
상담사명,남대문로2가,NNG
상담사명,회현동1가,NNG
상담사명,회현동2가,NNG
상담사명,회현동3가,NNG
상담사명,충무로1가,NNG
상담사명,충무로2가,NNG
상담사명,명동1가,NNG
상담사명,명동2가,NNG
상담사명,남산동1가,NNG
상담사명,남산동2가,NNG
상담사명,남산동3가,NNG
상담사명,저동1가,NNG
상담사명,예장동,NNG
상담사명,소공동,NNG
상담사명,북창동,NNG
상담사명,태평로2가,NNG
상담사명,남대문로3가,NNG
상담사명,남대문로4가,NNG
상담사명,봉래동1가,NNG
상담사명,서소문동,NNG
상담사명,정동,NNG
상담사명,순화동,NNG
상담사명,의주로1가,NNG
상담사명,충정로1가,NNG
상담사명,신당동,NNG
상담사명,흥인동,NNG
상담사명,무학동,NNG
상담사명,을지로4가,NNG
상담사명,을지로5가,NNG
상담사명,주교동,NNG
상담사명,방산동,NNG
상담사명,을지로3가,NNG
상담사명,입정동,NNG
상담사명,산림동,NNG
상담사명,초동,NNG
상담사명,인현동1가,NNG
상담사명,저동2가,NNG
상담사명,묵정동,NNG
상담사명,장충동1가,NNG
상담사명,장충동2가,NNG
상담사명,중림동,NNG
상담사명,의주로2가,NNG
상담사명,만리동1가,NNG
상담사명,만리동2가,NNG
상담사명,필동1가,NNG
상담사명,필동2가,NNG
상담사명,필동3가,NNG
상담사명,남학동,NNG
상담사명,주자동,NNG
상담사명,충무로3가,NNG
상담사명,황학동,NNG
상담사명,남창동,NNG
상담사명,남대문로5가,NNG
상담사명,봉래동2가,NNG
상담사명,망우동,NNG
상담사명,면목동,NNG
상담사명,묵동,NNG
상담사명,상봉동,NNG
상담사명,신내동,NNG
상담사명,중화동,NNG
상담사명,개포1동,NNG
상담사명,개포2동,NNG
상담사명,개포4동,NNG
상담사명,논현1동,NNG
상담사명,논현2동,NNG
상담사명,대치1동,NNG
상담사명,대치2동,NNG
상담사명,대치4동,NNG
상담사명,도곡1동,NNG
상담사명,도곡2동,NNG
상담사명,삼성1동,NNG
상담사명,삼성2동,NNG
상담사명,역삼1동,NNG
상담사명,역삼2동,NNG
상담사명,일원1동,NNG
상담사명,일원2동,NNG
상담사명,일원본동,NNG
상담사명,고덕제1동,NNG
상담사명,고덕제2동,NNG
상담사명,둔촌제1동,NNG
상담사명,둔촌제2동,NNG
상담사명,명일제1동,NNG
상담사명,명일제2동,NNG
상담사명,성내제1동,NNG
상담사명,성내제2동,NNG
상담사명,성내제3동,NNG
상담사명,암사제1동,NNG
상담사명,암사제2동,NNG
상담사명,암사제3동,NNG
상담사명,천호제1동,NNG
상담사명,천호제2동,NNG
상담사명,천호제3동,NNG
상담사명,번제1동,NNG
상담사명,번제2동,NNG
상담사명,번제3동,NNG
상담사명,삼각산동,NNG
상담사명,삼양동,NNG
상담사명,송중동,NNG
상담사명,송천동,NNG
상담사명,수유제1동,NNG
상담사명,수유제2동,NNG
상담사명,수유제3동,NNG
상담사명,인수동,NNG
상담사명,가양제1동,NNG
상담사명,가양제2동,NNG
상담사명,가양제3동,NNG
상담사명,등촌제1동,NNG
상담사명,등촌제2동,NNG
상담사명,등촌제3동,NNG
상담사명,발산제1동,NNG
상담사명,방화제1동,NNG
상담사명,방화제2동,NNG
상담사명,방화제3동,NNG
상담사명,우장산동,NNG
상담사명,화곡본동,NNG
상담사명,화곡제1동,NNG
상담사명,화곡제2동,NNG
상담사명,화곡제3동,NNG
상담사명,화곡제4동,NNG
상담사명,화곡제6동,NNG
상담사명,화곡제8동,NNG
상담사명,낙성대동,NNG
상담사명,난곡동,NNG
상담사명,난향동,NNG
상담사명,대학동,NNG
상담사명,미성동,NNG
상담사명,보라매동,NNG
상담사명,서림동,NNG
상담사명,서원동,NNG
상담사명,성현동,NNG
상담사명,은천동,NNG
상담사명,인헌동,NNG
상담사명,조원동,NNG
상담사명,중앙동,NNG
상담사명,청룡동,NNG
상담사명,청림동,NNG
상담사명,행운동,NNG
상담사명,구의제1동,NNG
상담사명,구의제2동,NNG
상담사명,구의제3동,NNG
상담사명,자양제1동,NNG
상담사명,자양제2동,NNG
상담사명,자양제3동,NNG
상담사명,자양제4동,NNG
상담사명,중곡제1동,NNG
상담사명,중곡제2동,NNG
상담사명,중곡제3동,NNG
상담사명,중곡제4동,NNG
상담사명,개봉제1동,NNG
상담사명,개봉제2동,NNG
상담사명,개봉제3동,NNG
상담사명,고척제1동,NNG
상담사명,고척제2동,NNG
상담사명,구로제1동,NNG
상담사명,구로제2동,NNG
상담사명,구로제3동,NNG
상담사명,구로제4동,NNG
상담사명,구로제5동,NNG
상담사명,수궁동,NNG
상담사명,오류제1동,NNG
상담사명,오류제2동,NNG
상담사명,독산제1동,NNG
상담사명,독산제2동,NNG
상담사명,독산제3동,NNG
상담사명,독산제4동,NNG
상담사명,시흥제1동,NNG
상담사명,시흥제2동,NNG
상담사명,시흥제3동,NNG
상담사명,시흥제4동,NNG
상담사명,시흥제5동,NNG
상담사명,공릉1.3동,NNG
상담사명,공릉2동,NNG
상담사명,상계10동,NNG
상담사명,상계1동,NNG
상담사명,상계2동,NNG
상담사명,상계3.4동,NNG
상담사명,상계5동,NNG
상담사명,상계6.7동,NNG
상담사명,상계8동,NNG
상담사명,상계9동,NNG
상담사명,월계1동,NNG
상담사명,월계2동,NNG
상담사명,월계3동,NNG
상담사명,중계1동,NNG
상담사명,중계2.3동,NNG
상담사명,중계4동,NNG
상담사명,중계본동,NNG
상담사명,하계1동,NNG
상담사명,하계2동,NNG
상담사명,도봉제1동,NNG
상담사명,도봉제2동,NNG
상담사명,방학제1동,NNG
상담사명,방학제2동,NNG
상담사명,방학제3동,NNG
상담사명,쌍문제1동,NNG
상담사명,쌍문제2동,NNG
상담사명,쌍문제3동,NNG
상담사명,쌍문제4동,NNG
상담사명,창제1동,NNG
상담사명,창제2동,NNG
상담사명,창제3동,NNG
상담사명,창제4동,NNG
상담사명,창제5동,NNG
상담사명,답십리제1동,NNG
상담사명,답십리제2동,NNG
상담사명,용신동,NNG
상담사명,이문제1동,NNG
상담사명,이문제2동,NNG
상담사명,장안제1동,NNG
상담사명,장안제2동,NNG
상담사명,전농제1동,NNG
상담사명,전농제2동,NNG
상담사명,휘경제1동,NNG
상담사명,휘경제2동,NNG
상담사명,노량진제1동,NNG
상담사명,노량진제2동,NNG
상담사명,사당제1동,NNG
상담사명,사당제2동,NNG
상담사명,사당제3동,NNG
상담사명,사당제4동,NNG
상담사명,사당제5동,NNG
상담사명,상도제1동,NNG
상담사명,상도제2동,NNG
상담사명,상도제3동,NNG
상담사명,상도제4동,NNG
상담사명,신대방제1동,NNG
상담사명,신대방제2동,NNG
상담사명,망원제1동,NNG
상담사명,망원제2동,NNG
상담사명,서강동,NNG
상담사명,성산제1동,NNG
상담사명,성산제2동,NNG
상담사명,남가좌제1동,NNG
상담사명,남가좌제2동,NNG
상담사명,북가좌제1동,NNG
상담사명,북가좌제2동,NNG
상담사명,충현동,NNG
상담사명,홍은제1동,NNG
상담사명,홍은제2동,NNG
상담사명,홍제제1동,NNG
상담사명,홍제제2동,NNG
상담사명,홍제제3동,NNG
상담사명,반포1동,NNG
상담사명,반포2동,NNG
상담사명,반포3동,NNG
상담사명,반포4동,NNG
상담사명,반포본동,NNG
상담사명,방배1동,NNG
상담사명,방배2동,NNG
상담사명,방배3동,NNG
상담사명,방배4동,NNG
상담사명,방배본동,NNG
상담사명,서초1동,NNG
상담사명,서초2동,NNG
상담사명,서초3동,NNG
상담사명,서초4동,NNG
상담사명,양재1동,NNG
상담사명,양재2동,NNG
상담사명,금호1가동,NNG
상담사명,금호2.3가동,NNG
상담사명,금호4가동,NNG
상담사명,성수1가제1동,NNG
상담사명,성수1가제2동,NNG
상담사명,성수2가제1동,NNG
상담사명,성수2가제3동,NNG
상담사명,왕십리도선동,NNG
상담사명,왕십리제2동,NNG
상담사명,행당제1동,NNG
상담사명,행당제2동,NNG
상담사명,길음제1동,NNG
상담사명,길음제2동,NNG
상담사명,돈암제1동,NNG
상담사명,돈암제2동,NNG
상담사명,동선동,NNG
상담사명,보문동,NNG
상담사명,삼선동,NNG
상담사명,안암동,NNG
상담사명,월곡제1동,NNG
상담사명,월곡제2동,NNG
상담사명,장위제1동,NNG
상담사명,장위제2동,NNG
상담사명,장위제3동,NNG
상담사명,정릉제1동,NNG
상담사명,정릉제2동,NNG
상담사명,정릉제3동,NNG
상담사명,정릉제4동,NNG
상담사명,가락1동,NNG
상담사명,가락2동,NNG
상담사명,가락본동,NNG
상담사명,거여1동,NNG
상담사명,거여2동,NNG
상담사명,마천1동,NNG
상담사명,마천2동,NNG
상담사명,문정1동,NNG
상담사명,문정2동,NNG
상담사명,방이1동,NNG
상담사명,방이2동,NNG
상담사명,송파1동,NNG
상담사명,송파2동,NNG
상담사명,오륜동,NNG
상담사명,잠실2동,NNG
상담사명,잠실3동,NNG
상담사명,잠실4동,NNG
상담사명,잠실6동,NNG
상담사명,잠실7동,NNG
상담사명,잠실본동,NNG
상담사명,풍납1동,NNG
상담사명,풍납2동,NNG
상담사명,목1동,NNG
상담사명,목2동,NNG
상담사명,목3동,NNG
상담사명,목4동,NNG
상담사명,목5동,NNG
상담사명,신월1동,NNG
상담사명,신월2동,NNG
상담사명,신월3동,NNG
상담사명,신월4동,NNG
상담사명,신월5동,NNG
상담사명,신월6동,NNG
상담사명,신월7동,NNG
상담사명,신정1동,NNG
상담사명,신정2동,NNG
상담사명,신정3동,NNG
상담사명,신정4동,NNG
상담사명,신정6동,NNG
상담사명,신정7동,NNG
상담사명,당산제1동,NNG
상담사명,당산제2동,NNG
상담사명,대림제1동,NNG
상담사명,대림제2동,NNG
상담사명,대림제3동,NNG
상담사명,문래동,NNG
상담사명,신길제1동,NNG
상담사명,신길제3동,NNG
상담사명,신길제4동,NNG
상담사명,신길제5동,NNG
상담사명,신길제6동,NNG
상담사명,신길제7동,NNG
상담사명,양평제1동,NNG
상담사명,양평제2동,NNG
상담사명,여의동,NNG
상담사명,영등포본동,NNG
상담사명,용산2가동,NNG
상담사명,원효로제1동,NNG
상담사명,원효로제2동,NNG
상담사명,이촌제1동,NNG
상담사명,이촌제2동,NNG
상담사명,이태원제1동,NNG
상담사명,이태원제2동,NNG
상담사명,청파동,NNG
상담사명,한강로동,NNG
상담사명,갈현제1동,NNG
상담사명,갈현제2동,NNG
상담사명,불광제1동,NNG
상담사명,불광제2동,NNG
상담사명,신사제1동,NNG
상담사명,신사제2동,NNG
상담사명,응암제1동,NNG
상담사명,응암제2동,NNG
상담사명,응암제3동,NNG
상담사명,명륜3가동,NNG
상담사명,숭인제1동,NNG
상담사명,숭인제2동,NNG
상담사명,종로1.2.3.4가동,NNG
상담사명,종로5.6가동,NNG
상담사명,창신제1동,NNG
상담사명,창신제2동,NNG
상담사명,창신제3동,NNG
상담사명,청운효자동,NNG
상담사명,광희동,NNG
상담사명,명동,NNG
상담사명,신당제1동,NNG
상담사명,신당제2동,NNG
상담사명,신당제3동,NNG
상담사명,신당제4동,NNG
상담사명,신당제5동,NNG
상담사명,신당제6동,NNG
상담사명,을지로동,NNG
상담사명,장충동,NNG
상담사명,필동,NNG
상담사명,회현동,NNG
상담사명,망우본동,NNG
상담사명,망우제3동,NNG
상담사명,면목본동,NNG
상담사명,면목제2동,NNG
상담사명,면목제3.8동,NNG
상담사명,면목제4동,NNG
상담사명,면목제5동,NNG
상담사명,면목제7동,NNG
상담사명,묵제1동,NNG
상담사명,묵제2동,NNG
상담사명,상봉제1동,NNG
상담사명,상봉제2동,NNG
상담사명,신내1동,NNG
상담사명,신내2동,NNG
상담사명,중화제1동,NNG
상담사명,중화제2동,NNG
상담사명,개포,NNG
상담사명,일원,NNG
상담사명,논현,NNG
상담사명,대치,NNG
상담사명,도곡,NNG
상담사명,세곡,NNG
상담사명,자곡,NNG
상담사명,율현,NNG
상담사명,수서,NNG
상담사명,신사,NNG
상담사명,역삼,NNG
상담사명,청담,NNG
상담사명,상일,NNG
상담사명,강일,NNG
상담사명,고덕,NNG
상담사명,둔촌,NNG
상담사명,명일,NNG
상담사명,성내,NNG
상담사명,암사,NNG
상담사명,천호,NNG
상담사명,미아,NNG
상담사명,수유,NNG
상담사명,우이,NNG
상담사명,가양,NNG
상담사명,마곡,NNG
상담사명,염창,NNG
상담사명,공항,NNG
상담사명,과해,NNG
상담사명,오곡,NNG
상담사명,오쇠,NNG
상담사명,등촌,NNG
상담사명,방화,NNG
상담사명,개화,NNG
상담사명,화곡,NNG
상담사명,봉천,NNG
상담사명,신림,NNG
상담사명,남현,NNG
상담사명,광장,NNG
상담사명,구의,NNG
상담사명,군자,NNG
상담사명,자양,NNG
상담사명,중곡,NNG
상담사명,화양,NNG
상담사명,개봉,NNG
상담사명,고척,NNG
상담사명,구로,NNG
상담사명,온수,NNG
상담사명,오류,NNG
상담사명,천왕,NNG
상담사명,가산,NNG
상담사명,독산,NNG
상담사명,공릉,NNG
상담사명,상계,NNG
상담사명,월계,NNG
상담사명,중계,NNG
상담사명,하계,NNG
상담사명,도봉,NNG
상담사명,쌍문,NNG
상담사명,신설,NNG
상담사명,용두,NNG
상담사명,이문,NNG
상담사명,장안,NNG
상담사명,전농,NNG
상담사명,제기,NNG
상담사명,회기,NNG
상담사명,휘경,NNG
상담사명,대방,NNG
상담사명,사당,NNG
상담사명,상도,NNG
상담사명,흑석,NNG
상담사명,아현,NNG
상담사명,공덕,NNG
상담사명,도화,NNG
상담사명,대흥,NNG
상담사명,신수,NNG
상담사명,마포,NNG
상담사명,망원,NNG
상담사명,상암,NNG
상담사명,창전,NNG
상담사명,상수,NNG
상담사명,하중,NNG
상담사명,신정,NNG
상담사명,당인,NNG
상담사명,서교,NNG
상담사명,성산,NNG
상담사명,현석,NNG
상담사명,구수,NNG
상담사명,염리,NNG
상담사명,연남,NNG
상담사명,용강,NNG
상담사명,토정,NNG
상담사명,합정,NNG
상담사명,대현,NNG
상담사명,신촌,NNG
상담사명,봉원,NNG
상담사명,창천,NNG
상담사명,연희,NNG
상담사명,냉천,NNG
상담사명,천연,NNG
상담사명,옥천,NNG
상담사명,영천,NNG
상담사명,현저,NNG
상담사명,미근,NNG
상담사명,홍은,NNG
상담사명,홍제,NNG
상담사명,내곡,NNG
상담사명,염곡,NNG
상담사명,신원,NNG
상담사명,반포,NNG
상담사명,잠원,NNG
상담사명,방배,NNG
상담사명,양재,NNG
상담사명,우면,NNG
상담사명,원지,NNG
상담사명,금호,NNG
상담사명,마장,NNG
상담사명,사근,NNG
상담사명,행당,NNG
상담사명,성수,NNG
상담사명,송정,NNG
상담사명,옥수,NNG
상담사명,홍익,NNG
상담사명,도선,NNG
상담사명,용답,NNG
상담사명,응봉,NNG
상담사명,길음,NNG
상담사명,돈암,NNG
상담사명,보문,NNG
상담사명,삼선,NNG
상담사명,석관,NNG
상담사명,성북,NNG
상담사명,안암,NNG
상담사명,정릉,NNG
상담사명,종암,NNG
상담사명,가락,NNG
상담사명,거여,NNG
상담사명,마천,NNG
상담사명,문정,NNG
상담사명,장지,NNG
상담사명,방이,NNG
상담사명,삼전,NNG
상담사명,석촌,NNG
상담사명,송파,NNG
상담사명,오금,NNG
상담사명,잠실,NNG
상담사명,신천,NNG
상담사명,풍납,NNG
상담사명,신월,NNG
상담사명,당산,NNG
상담사명,대림,NNG
상담사명,도림,NNG
상담사명,문래,NNG
상담사명,신길,NNG
상담사명,양평,NNG
상담사명,양화,NNG
상담사명,갈월,NNG
상담사명,남영,NNG
상담사명,용산,NNG
상담사명,보광,NNG
상담사명,주성,NNG
상담사명,도원,NNG
상담사명,용문,NNG
상담사명,문배,NNG
상담사명,신계,NNG
상담사명,신창,NNG
상담사명,산천,NNG
상담사명,청암,NNG
상담사명,이촌,NNG
상담사명,서계,NNG
상담사명,청파,NNG
상담사명,한남,NNG
상담사명,효창,NNG
상담사명,후암,NNG
상담사명,갈현,NNG
상담사명,구산,NNG
상담사명,녹번,NNG
상담사명,대조,NNG
상담사명,불광,NNG
상담사명,수색,NNG
상담사명,역촌,NNG
상담사명,응암,NNG
상담사명,증산,NNG
상담사명,진관,NNG
상담사명,가회,NNG
상담사명,원서,NNG
상담사명,교남,NNG
상담사명,송월,NNG
상담사명,홍파,NNG
상담사명,교북,NNG
상담사명,행촌,NNG
상담사명,무악,NNG
상담사명,부암,NNG
상담사명,홍지,NNG
상담사명,신영,NNG
상담사명,통의,NNG
상담사명,적선,NNG
상담사명,체부,NNG
상담사명,필운,NNG
상담사명,내자,NNG
상담사명,사직,NNG
상담사명,도렴,NNG
상담사명,당주,NNG
상담사명,내수,NNG
상담사명,팔판,NNG
상담사명,삼청,NNG
상담사명,안국,NNG
상담사명,소격,NNG
상담사명,사간,NNG
상담사명,송현,NNG
상담사명,숭인,NNG
상담사명,이화,NNG
상담사명,연건,NNG
상담사명,청진,NNG
상담사명,서린,NNG
상담사명,수송,NNG
상담사명,중학,NNG
상담사명,공평,NNG
상담사명,관훈,NNG
상담사명,견지,NNG
상담사명,와룡,NNG
상담사명,권농,NNG
상담사명,운니,NNG
상담사명,익선,NNG
상담사명,경운,NNG
상담사명,관철,NNG
상담사명,인사,NNG
상담사명,낙원,NNG
상담사명,훈정,NNG
상담사명,봉익,NNG
상담사명,돈의,NNG
상담사명,장사,NNG
상담사명,관수,NNG
상담사명,인의,NNG
상담사명,예지,NNG
상담사명,원남,NNG
상담사명,연지,NNG
상담사명,효제,NNG
상담사명,충신,NNG
상담사명,창신,NNG
상담사명,청운,NNG
상담사명,신교,NNG
상담사명,궁정,NNG
상담사명,효자,NNG
상담사명,창성,NNG
상담사명,통인,NNG
상담사명,누상,NNG
상담사명,누하,NNG
상담사명,옥인,NNG
상담사명,구기,NNG
상담사명,평창,NNG
상담사명,혜화,NNG
상담사명,인현,NNG
상담사명,예관,NNG
상담사명,광희,NNG
상담사명,쌍림,NNG
상담사명,오장,NNG
상담사명,무교,NNG
상담사명,삼각,NNG
상담사명,수하,NNG
상담사명,장교,NNG
상담사명,수표,NNG
상담사명,회현,NNG
상담사명,남산,NNG
상담사명,예장,NNG
상담사명,소공,NNG
상담사명,북창,NNG
상담사명,봉래,NNG
상담사명,순화,NNG
상담사명,신당,NNG
상담사명,흥인,NNG
상담사명,무학,NNG
상담사명,주교,NNG
상담사명,방산,NNG
상담사명,입정,NNG
상담사명,산림,NNG
상담사명,묵정,NNG
상담사명,장충,NNG
상담사명,중림,NNG
상담사명,만리,NNG
상담사명,남학,NNG
상담사명,주자,NNG
상담사명,황학,NNG
상담사명,남창,NNG
상담사명,망우,NNG
상담사명,면목,NNG
상담사명,상봉,NNG
상담사명,신내,NNG
상담사명,중화,NNG
상담사명,백수열,NNG
상담사명,신영균,NNG
상담사명,호랑이,NNG
상담사명,훠량,NNG
상담사명,광민,NNG
상담사명,노경민,NNG
상담사명,노승호,NNG
상담사명,학여울,NNG
상담사명,파발,NNG
상담사명,장현혜님,NNG
상담사명,조형섭님,NNG
상담사명,상쇠,NNG
상담사명,두산로70,NNG
상담사명,최시라주임,NNG
상담사명,시까,NNG
상담사명,아덴,NNG
상담사명,하임,NNG
상담사명,래미안서초에스티지,NNG
상담사명,서밋,NNG
상담사명,안녕하십니까,NNG
상담사명,안녕햐세요,NNG
상담사명,골든,NNG
상담사명,동훈,NNG
상담사명,박지원,NNG
상담사명,서구청,NNG
상담사명,한술,NNG
상담사명,관악구청,NNG
상담사명,구태형,NNG
상담사명,이주연,NNG
상담사명,박찬미,NNG
상담사명,유애라,NNG
상담사명,김나영,NNG
상담사명,요약,NNG
상담사명,광평로,NNG
상담사명,사이룩스,NNG
상담사명,서관,NNG
상담사명,위례3,NNG
상담사명,지축,NNG
상담사명,대리다,NNG
상담사명,약수하이츠동아,NNG
상담사명,구리갈매,NNG
상담사명,리버,NNG
상담사명,권진영,NNG
상담사명,목동로,NNG
상담사명,수자,NNG
상담사명,김문정,NNG
상담사명,서울전역,NNG
상담사명,일회성,NNG
상담사명,서울전,NNG
상담사명,피자헛,NNG
상담사명,국회의사당역,NNG
상담사명,내원햐여,NNG
상담사명,이바지,NNG
상담사명,진로,NNG
상담사명,정보원,NNG
상담사명,구역,NNG
상담사명,고양시,NNG
상담사명,하남시,NNG
상담사명,동상,NNG
상담사명,김창선,NNG
상담사명,만태,NNG
상담사명,박영화,NNG
상담사명,말씀,NNG
상담사명,팰리스,NNG
상담사명,라이프서포트,NNG
상담사명,김봉현,NNG
상담사명,수본,NNG
상담사명,강은하,NNG
상담사명,영지,NNG
상담사명,이가희,NNG
상담사명,임영지,NNG
상담사명,혜진,NNG
상담사명,노량진로,NNG
상담사명,영구크린,NNG
상담사명,유란희,NNG
상담사명,구주소,NNG
상담사명,미야시츠키하,NNG
상담사명,로지스,NNG
상담사명,박혜림,NNG
상담사명,사당로,NNG
상담사명,아시아,NNG
상담사명,오형근,NNG
상담사명,내용,NNG
상담사명,류향민,NNG
상담사명,김덕제,NNG
상담사명,김우주,NNG
상담사명,김화응,NNG
상담사명,박우용님댁,NNG
상담사명,손계홍,NNG
상담사명,이사하기호,NNG
상담사명,정착지원뭎품,NNG
상담사명,지승옥,NNG
상담사명,이례구,NNG
상담사명,각렌찌,NNG
상담사명,구해져햐,NNG
상담사명,김옥화,NNG
상담사명,종로,NNG
상담사명,성동,NNG
상담사명,광진,NNG
상담사명,동대문,NNG
상담사명,중랑,NNG
상담사명,강북,NNG
상담사명,노원,NNG
상담사명,은평,NNG
상담사명,서대문,NNG
상담사명,양천,NNG
상담사명,강서,NNG
상담사명,금천,NNG
상담사명,동작,NNG
상담사명,관악,NNG
상담사명,강남,NNG
상담사명,강동,NNG
상담사명,천구,NNG
상담사명,금2,NNG
상담사명,화3,NNG
상담사명,남부교육지원청,NNG
상담사명,문래역,NNG
상담사명,우회전,NNG
상담사명,좌회전,NNG
상담사명,지나,NNG
상담사명,직진,NNG
상담사명,임인,NNG
상담사명,서울형,NNG
일반,종로구청,NNG
일반,용산구청,NNG
일반,성동구청,NNG
일반,광진구청,NNG
일반,동대문구청,NNG
일반,중랑구청,NNG
일반,성북구청,NNG
일반,강북구청,NNG
일반,도봉구청,NNG
일반,노원구청,NNG
일반,은평구청,NNG
일반,서대문구청,NNG
일반,마포구청,NNG
일반,양천구청,NNG
일반,강서구청,NNG
일반,구로구청,NNG
일반,금천구청,NNG
일반,영등포구청,NNG
일반,동작구청,NNG
일반,서초구청,NNG
일반,강남구청,NNG
일반,송파구청,NNG
일반,강동구청,NNG
일반,호실,NNG
일반,김혜선,NNG
일반,강선,NNG
일반,김선미,NNG
일반,유혜림,NNG
일반,성아,NNG
일반,소림,NNG
일반,월곡,NNG
일반,당해,NNG
일반,시앙,NNG
일반,금3,NNG
일반,정도,NNG
일반,대청역,NNG
일반,승리,NNG
일반,은빛,NNG
일반,파크,NNG
일반,약수하이츠,NNG
일반,롯데캐슬,NNG
일반,사항,NNG
일반,빌딩,NNG
일반,마을,NNG
일반,에이블허브,NNG
일반,두산로,NNG
일반,진명,NNG
일반,노량진,NNG
일반,롯데건설,NNG
일반,지자체장,NNG
일반,김주희,NNG
일반,노느매기,NNG
일반,천만,NNG
일반,골드,NNG
일반,남가좌,NNG
일반,성원,NNG
일반,별일,NNG
일반,포레,NNG
일반,경희궁,NNG
일반,청계,NNG
일반,왕십리,NNG
일반,서울숲,NNG
일반,구청장,NNG
일반,세대서초선포레3,NNG
일반,안녕,NNG
일반,이옥현,NNG
일반,오웨리,NNG
일반,은화,NNG
일반,참석자,NNG
일반,강석원,NNG
일반,함대,NNG
일반,답십리,NNG
일반,핸디,NNG
일반,감귤,NNG
일반,라떼,NNG
일반,조미라,NNG
일반,박소라,NNG
일반,혜정,NNG
일반,송년,NNG
일반,일회,NNG
일반,서초네이처힐,NNG
일반,자4,NNG
일반,수원,NNG
일반,조영호,NNG
일반,금성,NNG
일반,양재역,NNG
일반,목련,NNG
일반,목화,NNG
일반,우성,NNG
일반,극동,NNG
일반,마곡지구,NNG
일반,의사당대로,NNG
일반,금문의처,NNG
일반,지식,NNG
일반,응답자,NNG
일반,호암,NNG
일반,맘앤베이비엑스포,NNG
일반,김고은,NNG
일반,호선,NNG
일반,보름달,NNG
일반,원효로,NNG
일반,윤정,NNG
일반,김필,NNG
일반,개월,NNG
일반,성민,NNG
일반,율학,NNG
일반,박지은,NNG
일반,성애,NNG
일반,승려,NNG
일반,신세계,NNG
일반,임팩트,NNG
일반,발송서초,NNG
일반,감염증,NNG
일반,수예,NNG
일반,키로,NNG
일반,봉노,NNG
일반,사슴,NNG
일반,에스,NNG
일반,해링턴,NNG
일반,프리나스,NNG
일반,법림,NNG
일반,월곡동,NNG
일반,황정,NNG
일반,김소연,NNG
일반,사이,NNG
일반,프라자,NNG
일반,삼양로,NNG
일반,천유미,NNG
일반,경숙,NNG
일반,오시,NNG
일반,관련,NNG
일반,년도,NNB
일반,심영,NNG
일반,래미안리더스원,NNG
일반,에이블,NNG
일반,김명희,NNG
일반,드림,NNG
일반,양원,NNG
일반,사업,NNG
일반,데스까르고,NNG
일반,프레스티지,NNG
일반,파워,NNG
일반,김윤희,NNG
일반,센트라스,NNG
일반,보리,NNG
일반,서울시립대,NNG
일반,김혜정,NNG
일반,김지연,NNG
일반,정준영,NNG
일반,김미란,NNG
일반,김경,NNG
일반,김광,NNG
일반,한양대,NNG
일반,윤곤,NNG
일반,이훈희,NNG
일반,원님,NNG
일반,김정자,NNG
일반,김홍,NNG
일반,김희,NNG
일반,오병근,NNG
일반,닷컴,NNG
일반,오목교역,NNG
일반,혜경,NNG
일반,김정희,NNG
일반,혜림,NNG
일반,마포구청역,NNG
일반,학여울역,NNG
일반,김미숙,NNG
일반,김유진,NNG
일반,김옥,NNG
일반,김정숙,NNG
일반,태영,NNG
일반,박영,NNG
일반,세종시,NNG
일반,박동,NNG
일반,여의대방로,NNG
일반,이수희,NNG
일반,박사,NNG
일반,동광,NNG
일반,김화,NNG
일반,이주한,NNG
일반,소민,NNG
일반,년대,NNG
일반,미연,NNG
일반,울산,NNG
일반,이지웅,NNG
일반,이순,NNG
일반,나래,NNG
일반,이현숙,NNG
일반,서초포레스타,NNG
일반,고양,NNG
일반,정연,NNG
일반,카카오,NNG
일반,종옥,NNG
일반,김지영,NNG
일반,김순자,NNG
일반,박영숙,NNG
일반,충남,NNG
일반,이정숙,NNG
일반,김재권,NNG
일반,숙희,NNG
일반,이상구,NNG
일반,이옥,NNG
일반,서초3,NNG
일반,서울대,NNG
일반,최현주,NNG
일반,힐스테이트,NNG
일반,은혜,NNG
일반,남부순환로,NNG
일반,강원도,NNG
일반,마리,NNG
일반,이거,NNG
일반,평택,NNG
일반,서초주거,NNG
일반,작성자,NNG
일반,성자,NNG
일반,최영옥,NNG
일반,김현,NNG
일반,김희진,NNG
일반,허브,NNG
일반,자양로,NNG
일반,원정,NNG
일반,진주,NNG
일반,김청,NNG
일반,에스디,NNG
일반,오성,NNG
일반,최수진,NNG
일반,수십,NNG
일반,가구,NNG
일반,김준모,NNG
일반,인턴십,NNG
일반,세텍,NNG
일반,다산동,NNG
일반,즈음,NNG
일반,이외,NNG
일반,이태원,NNG
일반,노승,NNG
일반,송현주,NNG
일반,지웅,NNG
일반,한울,NNG
일반,신희,NNG
일반,정유,NNG
일반,김종진,NNG
일반,곰달래로,NNG
일반,중앙로,NNG
일반,중인,NNG
일반,숲속,NNG
일반,남양주,NNG
일반,중부,NNG
일반,이종용,NNG
일반,김진숙,NNG
일반,이내,NNG
일반,아래,NNG
일반,여지,NNG
일반,송해,NNG
일반,플레이스,NNG
일반,일날,NNG
일반,용마산로,NNG
일반,포레스타,NNG
일반,베스트,NNG
일반,은숙,NNG
일반,랜드,NNG
일반,리엔,NNG
일반,데코,NNG
일반,김민재,NNG
일반,온누리,NNG
일반,손진호,NNG
일반,양지,NNG
일반,리치,NNG
일반,예찬,NNG
일반,홍성,NNG
일반,한시,NNG
일반,장준,NNG
일반,서정,NNG
일반,신대,NNG
일반,아트,NNG
일반,정숙,NNG
일반,최유정,NNG
일반,을지로,NNG
일반,위경,NNG
일반,방학역,NNG
일반,트리,NNG
일반,그린,NNG
일반,윤희,NNG
일반,도봉서원,NNG
일반,지혜,NNG
일반,유진,NNG
일반,하이,NNG
일반,서구,NNG
일반,금호동,NNG
일반,청구동,NNG
일반,김정,NNG
일반,부천시,NNG
일반,김혜은,NNG
일반,동일로,NNG
일반,지선,NNG
일반,명화,NNG
일반,장한,NNG
일반,라미,NNG
일반,임규,NNG
일반,보현,NNG
일반,정옥,NNG
일반,일억,NNG
일반,짜리,NNG
일반,슈퍼,NNG
일반,스타,NNG
일반,박기옥,NNG
일반,파크빌,NNG
일반,윤경,NNG
일반,가람,NNG
일반,무어,NNG
일반,김은혜,NNG
일반,청량리,NNG
일반,동소문로,NNG
일반,개포로,NNG
일반,아이파크,NNG
일반,곳곳,NNG
일반,학년,NNG
일반,귀하,NNG
일반,푸르지오,NNG
일반,강경애,NNG
일반,윤지민,NNG
일반,임우순,NNG
일반,강은지,NNG
일반,김소림,NNG
일반,최승구,NNG
일반,조미희,NNG
일반,황병주,NNG
일반,정은영,NNG
일반,정진훈,NNG
일반,김수정,NNG
일반,유제석,NNG
일반,이길웅,NNG
일반,이민선,NNG
일반,박은진,NNG
일반,전혜정,NNG
일반,전효래,NNG
일반,김보라,NNG
일반,전문수,NNG
일반,조영현,NNG
일반,박도붕,NNG
일반,이미영,NNG
일반,경혜수,NNG
일반,오봉길,NNG
일반,정연아,NNG
일반,곽도영,NNG
일반,황기룡,NNG
일반,김수지,NNG
일반,서선정,NNG
일반,용이레,NNG
일반,고애리,NNG
일반,이유진,NNG
일반,박미애,NNG
일반,서현정,NNG
일반,김은미,NNG
일반,박성희,NNG
일반,양정아,NNG
일반,서은정,NNG
일반,함진선,NNG
일반,임은주,NNG
일반,강현아,NNG
일반,손상우,NNG
일반,한대원,NNG
일반,최근실,NNG
일반,성동훈,NNG
일반,신동수,NNG
일반,양정순,NNG
일반,심재현,NNG
일반,정주환,NNG
일반,신이정,NNG
일반,곽제경,NNG
일반,김창훈,NNG
일반,심현진,NNG
일반,황혜진,NNG
일반,최민호,NNG
일반,정선혜,NNG
일반,김희재,NNG
일반,장소화,NNG
일반,고미영,NNG
일반,이승원,NNG
일반,송인옥,NNG
일반,임윤정,NNG
일반,박준민,NNG
일반,전정례,NNG
일반,정도선,NNG
일반,조연주,NNG
일반,차순희,NNG
일반,김수미,NNG
일반,이혁주,NNG
일반,김옥선,NNG
일반,국현숙,NNG
일반,이신우,NNG
일반,이다경,NNG
일반,이혁휘,NNG
일반,이형우,NNG
일반,이광혁,NNG
일반,강양숙,NNG
일반,고명식,NNG
일반,황선웅,NNG
일반,김예민,NNG
일반,박혜진,NNG
일반,김은옥,NNG
일반,김동희,NNG
일반,권손숙,NNG
일반,주현준,NNG
일반,강석주,NNG
일반,권동섭,NNG
일반,조민선,NNG
일반,서종수,NNG
일반,송영인,NNG
일반,김동국,NNG
일반,함수민,NNG
일반,김진희,NNG
일반,김규원,NNG
일반,유정옥,NNG
일반,오정삼,NNG
일반,장경혜,NNG
일반,이수연,NNG
일반,양유미,NNG
일반,이정민,NNG
일반,장현주,NNG
일반,이필성,NNG
일반,김윤아,NNG
일반,황미희,NNG
일반,권용찬,NNG
일반,박혜자,NNG
일반,정상길,NNG
일반,박정원,NNG
일반,이수미,NNG
일반,안찬,NNG
일반,이형모,NNG
일반,황근옥,NNG
일반,이지민,NNG
일반,선상이,NNG
일반,유남진,NNG
일반,최승연,NNG
일반,실습,NNG
일반,손은하,NNG
일반,김현진,NNG
일반,임성미,NNG
일반,전예슬,NNG
일반,손원희,NNG
일반,오은아,NNG
일반,오영진,NNG
일반,박지온,NNG
일반,김두나,NNG
일반,김대중,NNG
일반,이보람,NNG
일반,진홍기,NNG
일반,이승미,NNG
일반,박영심,NNG
일반,박재영,NNG
일반,서숙자,NNG
일반,송순례,NNG
일반,손연숙,NNG
일반,손윤정,NNG
일반,정수민,NNG
일반,최정문,NNG
일반,이동신,NNG
일반,황예주,NNG
일반,한정영,NNG
일반,장대영,NNG
일반,윤미정,NNG
일반,허란,NNG
일반,안효정,NNG
일반,정인선,NNG
일반,배다혜,NNG
일반,조의래,NNG
일반,이휘현,NNG
일반,이하민,NNG
일반,주정현,NNG
일반,임한솔,NNG
일반,제목,NNG
일반,원수,NNG
일반,원자,NNG
일반,기록지,NNG
일반,연도,NNG
일반,청기,NNG
일반,해당,NNG
일반,경우,NNG
일반,최숙랑,NNG
일반,그거,NNG
일반,최영옥,NNG
일반,대님,NNG
일반,혜민,NNG
일반,대파,NNG
일반,벽산,NNG
일반,연도,NNG
일반,자이,NNG
일반,시원,NNG
일반,독산로,NNG
일반,진수,NNG
일반,최온,NNG
일반,대성,NNG
일반,이제,NNG
일반,분기,NNG
일반,리터,NNG
일반,인치,NNG
일반,일전,NNG
일반,녹색,NNG
일반,광역시,NNG
일반,최숙랑,NNG
일반,북가좌,NNG
일반,그거,NNG
일반,죽림,NNG
